CMA2_16;Entidade do Espelho / Mirror Entity;https://www.vilacelta.com.br/?view=ecom/itens&tcg=1&txt_edicao=179141,https://www.vilacelta.com.br/?view=ecom/item&tcg=1&card=2727;Commander Anthology;;8;5,77;ING     [Inglês];NM   [Praticamente Nova];
MB1_179;Entidade do Espelho / Mirror Entity;https://www.vilacelta.com.br/?view=ecom/itens&tcg=1&txt_edicao=479791,https://www.vilacelta.com.br/?view=ecom/item&tcg=1&card=2727;Mystery Booster;;3;5,95;ING     [Inglês];NM   [Praticamente Nova];
SLC207_43;Entidade do Espelho / Mirror Entity;https://www.vilacelta.com.br/?view=ecom/itens&tcg=1&txt_edicao=480446,https://www.vilacelta.com.br/?view=ecom/item&tcg=1&card=2727;Secret Lair Commander: Raining Cats and Dogs;;;;;;
DS_73;Entidade Eterna / Ageless Entity;https://www.vilacelta.com.br/?view=ecom/itens&tcg=1&txt_edicao=201,https://www.vilacelta.com.br/?view=ecom/item&tcg=1&card=6146;Darksteel;;;;;;
LG_199;Entidade Psíquica / Psionic Entity;https://www.vilacelta.com.br/?view=ecom/itens&tcg=1&txt_edicao=226,https://www.vilacelta.com.br/?view=ecom/item&tcg=1&card=11701;Legends;;;;;;
4E_250;Entidade Psíquica / Psionic Entity;https://www.vilacelta.com.br/?view=ecom/itens&tcg=1&txt_edicao=236,https://www.vilacelta.com.br/?view=ecom/item&tcg=1&card=11701;Quarta Edicao;;;;;;
4EB_250;Entidade Psíquica / Psionic Entity;https://www.vilacelta.com.br/?view=ecom/itens&tcg=1&txt_edicao=338,https://www.vilacelta.com.br/?view=ecom/item&tcg=1&card=11701;Quarta Edicao (BB);;;;;;
RE_80;Entidade Psíquica / Psionic Entity;https://www.vilacelta.com.br/?view=ecom/itens&tcg=1&txt_edicao=349,https://www.vilacelta.com.br/?view=ecom/item&tcg=1&card=11701;Renaissance;;;;;;
REP_13;Entidade Tempestade / Storm Entity;https://www.vilacelta.com.br/?view=ecom/itens&tcg=1&txt_edicao=287,https://www.vilacelta.com.br/?view=ecom/item&tcg=1&card=3119;Release Events;;;;;;
PLIST_446;Entidade Tempestade / Storm Entity;https://www.vilacelta.com.br/?view=ecom/itens&tcg=1&txt_edicao=479828,https://www.vilacelta.com.br/?view=ecom/item&tcg=1&card=3119;The List;;3;0,85;PT/EN   [Português / Inglês];NM   [Praticamente Nova];
LW_204;Entorta-Galho Élfico / Elvish Branchbender;https://www.vilacelta.com.br/?view=ecom/itens&tcg=1&txt_edicao=188,https://www.vilacelta.com.br/?view=ecom/item&tcg=1&card=2900;Lorwyn;;;;;;
ASNEO_13;Entrada Explosiva (Art Card com Assinatura) / Explosive Entry (Art Card with Signature);https://www.vilacelta.com.br/?view=ecom/itens&tcg=1&txt_edicao=479891,https://www.vilacelta.com.br/?view=ecom/item&tcg=1&card=63091;Kamigawa: Dinastia Neon (Art Series);;1;7,95;PT/EN   [Português / Inglês];NM   [Praticamente Nova];
ASNEO_13;Entrada Explosiva (Art Card) / Explosive Entry (Art Card);https://www.vilacelta.com.br/?view=ecom/itens&tcg=1&txt_edicao=479891,https://www.vilacelta.com.br/?view=ecom/item&tcg=1&card=63012;Kamigawa: Dinastia Neon (Art Series);;;;;;
MID_229;;https://www.vilacelta.com.br/?view=ecom/admin/stats/bestsellers&tcg=1&search_extras=2&page=10&position=971&search_period=1&search_date=11/03/2024#971,https://www.vilacelta.com.br/?view=ecom/itens&tcg=1&txt_edicao=479864,https://www.vilacelta.com.br/?view=ecom/item&tcg=1&card=61131;Innistrad: Cacada a Meia-noite;;1;1,34;PT/EN   [Português / Inglês];NM   [Praticamente Nova];Foil
PRMID_391;Entrar na Dança / Join the Dance;https://www.vilacelta.com.br/?view=ecom/itens&tcg=1&txt_edicao=479866,https://www.vilacelta.com.br/?view=ecom/item&tcg=1&card=61131;Innistrad: Cacada a Meia-noite (Promo);;;;;;
EXBRO_325;Entrega Fatídica / Fateful Handoff;https://www.vilacelta.com.br/?view=ecom/itens&tcg=1&txt_edicao=480043,https://www.vilacelta.com.br/?view=ecom/item&tcg=1&card=67084;A Guerra dos Irmaos (Extended Art);;;;;;
IN_292B;Entregar / Deliver;https://www.vilacelta.com.br/?view=ecom/itens&tcg=1&txt_edicao=315,https://www.vilacelta.com.br/?view=ecom/item&tcg=1&card=46001;Invasao;;;1.000,00;;;
ON_105;Entregar-se a Reminescências / Reminisce;https://www.vilacelta.com.br/?view=ecom/itens&tcg=1&txt_edicao=205,https://www.vilacelta.com.br/?view=ecom/item&tcg=1&card=6937;Investida;;;;;;
9E_92;Entregar-se a Reminescências / Reminisce;https://www.vilacelta.com.br/?view=ecom/itens&tcg=1&txt_edicao=233,https://www.vilacelta.com.br/?view=ecom/item&tcg=1&card=6937;Nona Edicao - Kit Basico;;;;;;
MB1_1644;Entreposto / Trading Post;https://www.vilacelta.com.br/?view=ecom/itens&tcg=1&txt_edicao=479791,https://www.vilacelta.com.br/?view=ecom/item&tcg=1&card=25632;Mystery Booster;;1;2,68;PT/EN   [Português / Inglês];NM   [Praticamente Nova];
AI_192;Entreposto Balduviano / Balduvian Trading Post;https://www.vilacelta.com.br/?view=ecom/itens&tcg=1&txt_edicao=194,https://www.vilacelta.com.br/?view=ecom/item&tcg=1&card=4105;Aliancas;;1;19,90;PT/EN   [Português / Inglês];D    [Danificada];
UL_116;Ents da Semente dos Ventos / Weatherseed Treefolk;https://www.vilacelta.com.br/?view=ecom/itens&tcg=1&txt_edicao=215,https://www.vilacelta.com.br/?view=ecom/item&tcg=1&card=9491;O Legado de Urza;;;;;;
WCD_19990320;Ents da Semente dos Ventos / Weatherseed Treefolk;https://www.vilacelta.com.br/?view=ecom/itens&tcg=1&txt_edicao=440839,https://www.vilacelta.com.br/?view=ecom/item&tcg=1&card=9491;World Championship Decks;;;;;;
WCD_20040778;Ents da Semente dos Ventos-SB (ML-99) / Weatherseed Treefolk-SB (ML-99);https://www.vilacelta.com.br/?view=ecom/itens&tcg=1&txt_edicao=440839,https://www.vilacelta.com.br/?view=ecom/item&tcg=1&card=56226;World Championship Decks;;;;;;
4E_165;Ents das Raízes de Ferro / Ironroot Treefolk;https://www.vilacelta.com.br/?view=ecom/itens&tcg=1&txt_edicao=236,https://www.vilacelta.com.br/?view=ecom/item&tcg=1&card=15183;Quarta Edicao;;;;;;
RV_126;Ents das Raízes de Ferro / Ironroot Treefolk;https://www.vilacelta.com.br/?view=ecom/itens&tcg=1&txt_edicao=237,https://www.vilacelta.com.br/?view=ecom/item&tcg=1&card=15183;Revised Edition;;;;;;
UN_126;Ents das Raízes de Ferro / Ironroot Treefolk;https://www.vilacelta.com.br/?view=ecom/itens&tcg=1&txt_edicao=238,https://www.vilacelta.com.br/?view=ecom/item&tcg=1&card=15183;Unlimited Edition;;;;;;
AL_125;Ents das Raízes de Ferro / Ironroot Treefolk;https://www.vilacelta.com.br/?view=ecom/itens&tcg=1&txt_edicao=239,https://www.vilacelta.com.br/?view=ecom/item&tcg=1&card=15183;Limited Edition Alpha;;;;;;
5E_207;Ents das Raízes de Ferro / Ironroot Treefolk;https://www.vilacelta.com.br/?view=ecom/itens&tcg=1&txt_edicao=312,https://www.vilacelta.com.br/?view=ecom/item&tcg=1&card=15183;Quinta Edicao;;;;;;
BE_126;Ents das Raízes de Ferro / Ironroot Treefolk;https://www.vilacelta.com.br/?view=ecom/itens&tcg=1&txt_edicao=316,https://www.vilacelta.com.br/?view=ecom/item&tcg=1&card=15183;Limited Edition Beta;;;;;;
CED_112;Ents das Raízes de Ferro / Ironroot Treefolk;https://www.vilacelta.com.br/?view=ecom/itens&tcg=1&txt_edicao=318,https://www.vilacelta.com.br/?view=ecom/item&tcg=1&card=15183;Collector's Edition;;;;;;
CEDI_112;Ents das Raízes de Ferro / Ironroot Treefolk;https://www.vilacelta.com.br/?view=ecom/itens&tcg=1&txt_edicao=319,https://www.vilacelta.com.br/?view=ecom/item&tcg=1&card=15183;International Collectors' Edition;;;;;;
4EB_165;Ents das Raízes de Ferro / Ironroot Treefolk;https://www.vilacelta.com.br/?view=ecom/itens&tcg=1&txt_edicao=338,https://www.vilacelta.com.br/?view=ecom/item&tcg=1&card=15183;Quarta Edicao (BB);;;;;;
RVB_111;Ents das Raízes de Ferro / Ironroot Treefolk;https://www.vilacelta.com.br/?view=ecom/itens&tcg=1&txt_edicao=351,https://www.vilacelta.com.br/?view=ecom/item&tcg=1&card=15183;Revised Edition (BB);;;;;;
SUMMER_111;Ents das Raízes de Ferro / Ironroot Treefolk;https://www.vilacelta.com.br/?view=ecom/itens&tcg=1&txt_edicao=377652,https://www.vilacelta.com.br/?view=ecom/item&tcg=1&card=15183;Revised Edition (Summer Magic Edgar);;;;;;
RF30A_496;Ents das Raízes de Ferro / Ironroot Treefolk;https://www.vilacelta.com.br/?view=ecom/itens&tcg=1&txt_edicao=480115,https://www.vilacelta.com.br/?view=ecom/item&tcg=1&card=15183;30th Anniversary Edition (Retro Frame);;;;;;
US_238;Ents de Blanchwood / Blanchwood Treefolk;https://www.vilacelta.com.br/?view=ecom/itens&tcg=1&txt_edicao=216,https://www.vilacelta.com.br/?view=ecom/item&tcg=1&card=9756;A Saga de Urza;;;;;;
TP_131;Ents de Heartwood / Heartwood Treefolk;https://www.vilacelta.com.br/?view=ecom/itens&tcg=1&txt_edicao=219,https://www.vilacelta.com.br/?view=ecom/item&tcg=1&card=10281;Tempestade;;;;;;
WL_122;Ents de Redwood / Redwood Treefolk;https://www.vilacelta.com.br/?view=ecom/itens&tcg=1&txt_edicao=220,https://www.vilacelta.com.br/?view=ecom/item&tcg=1&card=10584;Alisios;;;;;;
6E_247;Ents de Redwood / Redwood Treefolk;https://www.vilacelta.com.br/?view=ecom/itens&tcg=1&txt_edicao=235,https://www.vilacelta.com.br/?view=ecom/item&tcg=1&card=10584;Sexta Edicao Classica;;;;;;
PO_138;Ents de Redwood / Redwood Treefolk;https://www.vilacelta.com.br/?view=ecom/itens&tcg=1&txt_edicao=278,https://www.vilacelta.com.br/?view=ecom/item&tcg=1&card=10584;Portal;;;;;;
7E_264;Ents de Redwood / Redwood Treefolk;https://www.vilacelta.com.br/?view=ecom/itens&tcg=1&txt_edicao=322,https://www.vilacelta.com.br/?view=ecom/item&tcg=1&card=10584;Setima Edicao;;;;;;
EXBRO_374;Entusiasta de Geologia / Geology Enthusiast;https://www.vilacelta.com.br/?view=ecom/itens&tcg=1&txt_edicao=480043,https://www.vilacelta.com.br/?view=ecom/item&tcg=1&card=67158;A Guerra dos Irmaos (Extended Art);;;;;;
SSLTR_693;Envelope Herdado / Inherited Envelope;https://www.vilacelta.com.br/?view=ecom/itens&tcg=1&txt_edicao=480316,https://www.vilacelta.com.br/?view=ecom/item&tcg=1&card=69292;O Senhor dos Aneis: Contos da Terra Media (Showcase Scrolls);;;;;;
SWOE_280;Envenenadora das Jujubas // Tentar com Guloseimas / Gumdrop Poisoner // Tempt with Treats;https://www.vilacelta.com.br/?view=ecom/itens&tcg=1&txt_edicao=480297,https://www.vilacelta.com.br/?view=ecom/item&tcg=1&card=70534;Terras Selvagens de Eldraine (Showcase);;;;;;
YCLB_233;Envenenar a Lâmina / Poison the Blade;https://www.vilacelta.com.br/?view=ecom/itens&tcg=1&txt_edicao=479990,https://www.vilacelta.com.br/?view=ecom/item&tcg=1&card=64337;Alchemy Horizons: Portal de Baldur;;;;;;
PRKHM_403;Envenenar o Cálice / Poison the Cup;https://www.vilacelta.com.br/?view=ecom/itens&tcg=1&txt_edicao=479836,https://www.vilacelta.com.br/?view=ecom/item&tcg=1&card=58970;Kaldheim (Promo);;4;1,25;PT/EN   [Português / Inglês];NM   [Praticamente Nova];
PRKHM_403;Envenenar o Cálice / Poison the Cup;https://www.vilacelta.com.br/?view=ecom/itens&tcg=1&txt_edicao=479836,https://www.vilacelta.com.br/?view=ecom/item&tcg=1&card=58970;Kaldheim (Promo);;;2,95;PT/EN   [Português / Inglês];NM   [Praticamente Nova];Foil
MB1_810;Enviada Vampira / Vampire Envoy;https://www.vilacelta.com.br/?view=ecom/itens&tcg=1&txt_edicao=479791,https://www.vilacelta.com.br/?view=ecom/item&tcg=1&card=35094;Mystery Booster;;1;0,40;PT/EN   [Português / Inglês];NM   [Praticamente Nova];
LE_30;Enviado Aviano / Aven Envoy;https://www.vilacelta.com.br/?view=ecom/itens&tcg=1&txt_edicao=204,https://www.vilacelta.com.br/?view=ecom/item&tcg=1&card=6717;Legioes;;;;;;
GASNC_340;Enviado de Ziatora / Ziatora's Envoy;https://www.vilacelta.com.br/?view=ecom/itens&tcg=1&txt_edicao=479909,https://www.vilacelta.com.br/?view=ecom/item&tcg=1&card=63571;Ruas de Nova Capenna (Golden Age);;2;4,28;PT/EN   [Português / Inglês];NM   [Praticamente Nova];
FESNC_405;Enviado de Ziatora / Ziatora's Envoy;https://www.vilacelta.com.br/?view=ecom/itens&tcg=1&txt_edicao=479910,https://www.vilacelta.com.br/?view=ecom/item&tcg=1&card=63571;Ruas de Nova Capenna (Foil Etched / Gilded Foil);;;;;;
DI_168;Enviado Entreguilda / Transguild Courier;https://www.vilacelta.com.br/?view=ecom/itens&tcg=1&txt_edicao=195,https://www.vilacelta.com.br/?view=ecom/item&tcg=1&card=4720;Insurreicao;;;;;;
PLIST_1416;Enviar // Oblivío / Consign // Oblivion;https://www.vilacelta.com.br/?view=ecom/itens&tcg=1&txt_edicao=479828,https://www.vilacelta.com.br/?view=ecom/item&tcg=1&card=42015;The List;;;;;;
MM_254;Envigorar / Invigorate;https://www.vilacelta.com.br/?view=ecom/itens&tcg=1&txt_edicao=213,https://www.vilacelta.com.br/?view=ecom/item&tcg=1&card=9136;Mascaras de Mercadia;;;;;;
DDAGVL_19;Envigorar / Invigorate;https://www.vilacelta.com.br/?view=ecom/itens&tcg=1&txt_edicao=43493,https://www.vilacelta.com.br/?view=ecom/item&tcg=1&card=9136;Duel Decks Anthology: Garruk vs. Liliana;;3;1,99;PT/EN   [Português / Inglês];NM   [Praticamente Nova];
MB1_1243;Envigorar / Invigorate;https://www.vilacelta.com.br/?view=ecom/itens&tcg=1&txt_edicao=479791,https://www.vilacelta.com.br/?view=ecom/item&tcg=1&card=9136;Mystery Booster;;1;1,18;PT/EN   [Português / Inglês];NM   [Praticamente Nova];
JU_39;Envolver / Envelop;https://www.vilacelta.com.br/?view=ecom/itens&tcg=1&txt_edicao=206,https://www.vilacelta.com.br/?view=ecom/item&tcg=1&card=7221;Julgamento;;;;;;
WCD_20030219;Envolver / Envelop;https://www.vilacelta.com.br/?view=ecom/itens&tcg=1&txt_edicao=440839,https://www.vilacelta.com.br/?view=ecom/item&tcg=1&card=7221;World Championship Decks;;;;;;
WCD_20041200;Envolver (DH-03) / Envelop-SB (DH-03);https://www.vilacelta.com.br/?view=ecom/itens&tcg=1&txt_edicao=440839,https://www.vilacelta.com.br/?view=ecom/item&tcg=1&card=58532;World Championship Decks;;;;;;
CBZNR_308;Enxame de Cascudos / Scute Swarm;https://www.vilacelta.com.br/?view=ecom/itens&tcg=1&txt_edicao=479818,https://www.vilacelta.com.br/?view=ecom/item&tcg=1&card=57418;Renascer de Zendikar (Variantes);;;30,49;PT/EN   [Português / Inglês];NM   [Praticamente Nova];
MR_167;Enxame de Gafanhotos / Locust Swarm;https://www.vilacelta.com.br/?view=ecom/itens&tcg=1&txt_edicao=222,https://www.vilacelta.com.br/?view=ecom/item&tcg=1&card=10962;Miragem;;;;;;
ASAFR_24;Enxame de Goblins (Art Card com Assinatura) / Swarming Goblins (Art Card with Signature);https://www.vilacelta.com.br/?view=ecom/itens&tcg=1&txt_edicao=479861,https://www.vilacelta.com.br/?view=ecom/item&tcg=1&card=60891;Adventures in the Forgotten Realms (Art Series);;;;;;
ASAFR_24;Enxame de Goblins (Art Card) / Swarming Goblins (Art Card);https://www.vilacelta.com.br/?view=ecom/itens&tcg=1&txt_edicao=479861,https://www.vilacelta.com.br/?view=ecom/item&tcg=1&card=60945;Adventures in the Forgotten Realms (Art Series);;;0,94;PT/EN   [Português / Inglês];;
ASAFR_24;Enxame de Goblins (Art Card) / Swarming Goblins (Art Card);https://www.vilacelta.com.br/?view=ecom/itens&tcg=1&txt_edicao=479861,https://www.vilacelta.com.br/?view=ecom/item&tcg=1&card=60945;Adventures in the Forgotten Realms (Art Series);;1;;PT/EN   [Português / Inglês];;Promo
SSLTR_601;Enxame de Moria / Swarming of Moria;https://www.vilacelta.com.br/?view=ecom/itens&tcg=1&txt_edicao=480316,https://www.vilacelta.com.br/?view=ecom/item&tcg=1&card=69050;O Senhor dos Aneis: Contos da Terra Media (Showcase Scrolls);;;;;;
SC_135;Enxame de Xantídeos / Xantid Swarm;https://www.vilacelta.com.br/?view=ecom/itens&tcg=1&txt_edicao=203,https://www.vilacelta.com.br/?view=ecom/item&tcg=1&card=6679;Flagelo;;1;5,50;PT/EN   [Português / Inglês];HP   [Muito Usada];
SC_135;Enxame de Xantídeos / Xantid Swarm;https://www.vilacelta.com.br/?view=ecom/itens&tcg=1&txt_edicao=203,https://www.vilacelta.com.br/?view=ecom/item&tcg=1&card=6679;Flagelo;;1;5,90;PT/EN   [Português / Inglês];MP   [Usada Moderadamente];
CBAFR_389;Enxame Esquelético / Skeletal Swarming;https://www.vilacelta.com.br/?view=ecom/itens&tcg=1&txt_edicao=479856,https://www.vilacelta.com.br/?view=ecom/item&tcg=1&card=60697;Adventures in the Forgotten Realms (Variantes);;;;;;
AMPAFR_232;Enxame Esquelético / Skeletal Swarming;https://www.vilacelta.com.br/?view=ecom/itens&tcg=1&txt_edicao=480004,https://www.vilacelta.com.br/?view=ecom/item&tcg=1&card=60697;Adventures in the Forgotten Realms (Ampersand);;;;;;
HL_104;Enxame Mecânico / Clockwork Swarm;https://www.vilacelta.com.br/?view=ecom/itens&tcg=1&txt_edicao=223,https://www.vilacelta.com.br/?view=ecom/item&tcg=1&card=11317;Terras Natais;;;;;;
TR_82;Enxame Trôpego / Shambling Swarm;https://www.vilacelta.com.br/?view=ecom/itens&tcg=1&txt_edicao=207,https://www.vilacelta.com.br/?view=ecom/item&tcg=1&card=7407;Tormento;;;;;;
MI_124;Enxame Vivo / Living Hive;https://www.vilacelta.com.br/?view=ecom/itens&tcg=1&txt_edicao=202,https://www.vilacelta.com.br/?view=ecom/item&tcg=1&card=6362;Mirrodin;;;;;;
PCH_75;Enxame Vivo / Living Hive;https://www.vilacelta.com.br/?view=ecom/itens&tcg=1&txt_edicao=256,https://www.vilacelta.com.br/?view=ecom/item&tcg=1&card=6362;Planechase;;;;;;
SH_64;Enxaqueca / Megrim;https://www.vilacelta.com.br/?view=ecom/itens&tcg=1&txt_edicao=218,https://www.vilacelta.com.br/?view=ecom/item&tcg=1&card=10023;Fortaleza;;;3,05;PT/EN   [Português / Inglês];SP   [Usada Levemente];
9E_144;Enxaqueca / Megrim;https://www.vilacelta.com.br/?view=ecom/itens&tcg=1&txt_edicao=233,https://www.vilacelta.com.br/?view=ecom/item&tcg=1&card=10023;Nona Edicao - Kit Basico;;;;;;
8E_143;Enxaqueca / Megrim;https://www.vilacelta.com.br/?view=ecom/itens&tcg=1&txt_edicao=234,https://www.vilacelta.com.br/?view=ecom/item&tcg=1&card=10023;Oitava Edicao - Kit Basico;;;;;;
7E_146;Enxaqueca / Megrim;https://www.vilacelta.com.br/?view=ecom/itens&tcg=1&txt_edicao=322,https://www.vilacelta.com.br/?view=ecom/item&tcg=1&card=10023;Setima Edicao;;;;;;
VONC_55;Enxertador de Contaminantes / Contaminant Grafter;https://www.vilacelta.com.br/?view=ecom/itens&tcg=1&txt_edicao=480179,https://www.vilacelta.com.br/?view=ecom/item&tcg=1&card=67741;Phyrexia: Tudo sera um Commander (Variants);;1;29,90;PT/EN   [Português / Inglês];NM   [Praticamente Nova];
OD_62;Enxerto de Aura / Aura Graft;https://www.vilacelta.com.br/?view=ecom/itens&tcg=1&txt_edicao=208,https://www.vilacelta.com.br/?view=ecom/item&tcg=1&card=7530;Odisseia;;;;;;
SSLTR_572;Éomer da Marca dos Cavaleiros / Éomer of the Riddermark;https://www.vilacelta.com.br/?view=ecom/itens&tcg=1&txt_edicao=480316,https://www.vilacelta.com.br/?view=ecom/item&tcg=1&card=69125;O Senhor dos Aneis: Contos da Terra Media (Showcase Scrolls);;;;;;
ASLTR_9;Éomer da Marca dos Cavaleiros (Art Card com Assinatura) / Éomer of the Riddermark (Art Card with Signature);https://www.vilacelta.com.br/?view=ecom/itens&tcg=1&txt_edicao=480235,https://www.vilacelta.com.br/?view=ecom/item&tcg=1&card=69473;O Senhor dos Aneis: Contos da Terra Media (Art Series);;;;;;
ASLTR_9;Éomer da Marca dos Cavaleiros (Art Card) / Éomer of the Riddermark (Art Card);https://www.vilacelta.com.br/?view=ecom/itens&tcg=1&txt_edicao=480235,https://www.vilacelta.com.br/?view=ecom/item&tcg=1&card=69400;O Senhor dos Aneis: Contos da Terra Media (Art Series);;;;;;
BLTR_428;Éomer, Marechal de Rohan / Éomer, Marshal of Rohan;https://www.vilacelta.com.br/?view=ecom/itens&tcg=1&txt_edicao=480231,https://www.vilacelta.com.br/?view=ecom/item&tcg=1&card=68945;O Senhor dos Aneis: Contos da Terra Media (Borderless Scene);;2;9,90;PT/EN   [Português / Inglês];NM   [Praticamente Nova];
SSLTR_571;Éomer, Marechal de Rohan / Éomer, Marshal of Rohan;https://www.vilacelta.com.br/?view=ecom/itens&tcg=1&txt_edicao=480316,https://www.vilacelta.com.br/?view=ecom/item&tcg=1&card=68945;O Senhor dos Aneis: Contos da Terra Media (Showcase Scrolls);;;;;;
VLTC_135;Éomer, Rei de Rohan / Éomer, King of Rohan;https://www.vilacelta.com.br/?view=ecom/itens&tcg=1&txt_edicao=480239,https://www.vilacelta.com.br/?view=ecom/item&tcg=1&card=69166;Contos da Terra Media Commander (Variants);;;;;;
SSLTC_455;Éomer, Rei de Rohan / Éomer, King of Rohan;https://www.vilacelta.com.br/?view=ecom/itens&tcg=1&txt_edicao=480321,https://www.vilacelta.com.br/?view=ecom/item&tcg=1&card=69166;Contos da Terra Media Commander (Showcase Scrolls);;;;;;
BLTR_430;Éowyn, Cavaleira Destemida / Éowyn, Fearless Knight;https://www.vilacelta.com.br/?view=ecom/itens&tcg=1&txt_edicao=480231,https://www.vilacelta.com.br/?view=ecom/item&tcg=1&card=68946;O Senhor dos Aneis: Contos da Terra Media (Borderless Scene);;;;;;
SSLTR_652;Éowyn, Cavaleira Destemida / Éowyn, Fearless Knight;https://www.vilacelta.com.br/?view=ecom/itens&tcg=1&txt_edicao=480316,https://www.vilacelta.com.br/?view=ecom/item&tcg=1&card=68946;O Senhor dos Aneis: Contos da Terra Media (Showcase Scrolls);;;;;;
ASLTR_15;Éowyn, Cavaleira Destemida (Art Card com Assinatura) / Éowyn, Fearless Knight (Art Card with Signature);https://www.vilacelta.com.br/?view=ecom/itens&tcg=1&txt_edicao=480235,https://www.vilacelta.com.br/?view=ecom/item&tcg=1&card=69474;O Senhor dos Aneis: Contos da Terra Media (Art Series);;;;;;
ASLTR_15;Éowyn, Cavaleira Destemida (Art Card) / Éowyn, Fearless Knight (Art Card);https://www.vilacelta.com.br/?view=ecom/itens&tcg=1&txt_edicao=480235,https://www.vilacelta.com.br/?view=ecom/item&tcg=1&card=69401;O Senhor dos Aneis: Contos da Terra Media (Art Series);;;;;;
VLTC_86;Éowyn, Donzela do Escudo / Éowyn, Shieldmaiden;https://www.vilacelta.com.br/?view=ecom/itens&tcg=1&txt_edicao=480239,https://www.vilacelta.com.br/?view=ecom/item&tcg=1&card=68990;Contos da Terra Media Commander (Variants);;;;;;
SSLTC_456;Éowyn, Donzela do Escudo / Éowyn, Shieldmaiden;https://www.vilacelta.com.br/?view=ecom/itens&tcg=1&txt_edicao=480321,https://www.vilacelta.com.br/?view=ecom/item&tcg=1&card=68990;Contos da Terra Media Commander (Showcase Scrolls);;;;;;
LTC_81;Éowyn, Donzela do Escudo (Display Commander) / Éowyn, Shieldmaiden (Display Commander);https://www.vilacelta.com.br/?view=ecom/itens&tcg=1&txt_edicao=480238,https://www.vilacelta.com.br/?view=ecom/item&tcg=1&card=68994;Contos da Terra Media Commander;;;;;;
SSLTR_461;Éowyn, Senhora de Rohan / Éowyn, Lady of Rohan;https://www.vilacelta.com.br/?view=ecom/itens&tcg=1&txt_edicao=480316,https://www.vilacelta.com.br/?view=ecom/item&tcg=1&card=69126;O Senhor dos Aneis: Contos da Terra Media (Showcase Scrolls);;;;;;
OD_192;Epicentro / Epicenter;https://www.vilacelta.com.br/?view=ecom/itens&tcg=1&txt_edicao=208,https://www.vilacelta.com.br/?view=ecom/item&tcg=1&card=7660;Odisseia;;;;;;
MB1_646;Epicurista de Sangue / Epicure of Blood;https://www.vilacelta.com.br/?view=ecom/itens&tcg=1&txt_edicao=479791,https://www.vilacelta.com.br/?view=ecom/item&tcg=1&card=50628;Mystery Booster;;2;0,41;PT/EN   [Português / Inglês];NM   [Praticamente Nova];
ASMH2_33;Epicurista Radiante (Art Card com Assinatura) / Radiant Epicure (Art Card com Assinatura);https://www.vilacelta.com.br/?view=ecom/itens&tcg=1&txt_edicao=479860,https://www.vilacelta.com.br/?view=ecom/item&tcg=1&card=60287;Modern Horizons 2 (Art Series);;;;;;
ASMH2_33B;Epicurista Radiante (Art Card) / Radiant Epicure (Art Card);https://www.vilacelta.com.br/?view=ecom/itens&tcg=1&txt_edicao=479860,https://www.vilacelta.com.br/?view=ecom/item&tcg=1&card=60353;Modern Horizons 2 (Art Series);;;;;;
VVOW_308;;https://www.vilacelta.com.br/?view=ecom/admin/stats/bestsellers&tcg=1&search_extras=0&page=2&position=191&search_period=1&search_date=11/03/2024#191,https://www.vilacelta.com.br/?view=ecom/itens&tcg=1&txt_edicao=479877,https://www.vilacelta.com.br/?view=ecom/item&tcg=1&card=62064;Innistrad: Voto Carmesim (Variantes);;;3,99;PT/EN   [Português / Inglês];NM   [Praticamente Nova];
ASVOW_50;Epicurista Voldaren #50 (Art Card com Assinatura) / Voldaren Epicure #50 (Art Card with Signature);https://www.vilacelta.com.br/?view=ecom/itens&tcg=1&txt_edicao=479881,https://www.vilacelta.com.br/?view=ecom/item&tcg=1&card=62192;Innistrad: Voto Carmesim (Art Series);;;;;;
ASVOW_50;Epicurista Voldaren #50 (Art Card) / Voldaren Epicure #50 (Art Card);https://www.vilacelta.com.br/?view=ecom/itens&tcg=1&txt_edicao=479881,https://www.vilacelta.com.br/?view=ecom/item&tcg=1&card=62272;Innistrad: Voto Carmesim (Art Series);;;;;;
ASVOW_74;Epicurista Voldaren #74 (Art Card com Assinatura) / Voldaren Epicure #74 (Art Card with Signature);https://www.vilacelta.com.br/?view=ecom/itens&tcg=1&txt_edicao=479881,https://www.vilacelta.com.br/?view=ecom/item&tcg=1&card=62216;Innistrad: Voto Carmesim (Art Series);;;;;;
ASVOW_74;Epicurista Voldaren #74 (Art Card) / Voldaren Epicure #74 (Art Card);https://www.vilacelta.com.br/?view=ecom/itens&tcg=1&txt_edicao=479881,https://www.vilacelta.com.br/?view=ecom/item&tcg=1&card=62296;Innistrad: Voto Carmesim (Art Series);;;;;;
EXDMU_424;Epifania Cósmica / Cosmic Epiphany;https://www.vilacelta.com.br/?view=ecom/itens&tcg=1&txt_edicao=480012,https://www.vilacelta.com.br/?view=ecom/item&tcg=1&card=65172;Dominaria Unida (Extended Art);;;;;;
CBKHM_295;Epifania de Alrund / Alrund's Epiphany;https://www.vilacelta.com.br/?view=ecom/itens&tcg=1&txt_edicao=479835,https://www.vilacelta.com.br/?view=ecom/item&tcg=1&card=58813;Kaldheim (Variantes);;;57,64;PT/EN   [Português / Inglês];NM   [Praticamente Nova];
CBKHM_295;Epifania de Alrund / Alrund's Epiphany;https://www.vilacelta.com.br/?view=ecom/itens&tcg=1&txt_edicao=479835,https://www.vilacelta.com.br/?view=ecom/item&tcg=1&card=58813;Kaldheim (Variantes);;2;69,90;ING     [Inglês];NM   [Praticamente Nova];Foil
PC2_160;Epifania Mútua / Mutual Epiphany;https://www.vilacelta.com.br/?view=ecom/itens&tcg=1&txt_edicao=321,https://www.vilacelta.com.br/?view=ecom/item&tcg=1&card=40037;Planechase 2012 Edition;;;;;;
PCA_O004;Epifania Mútua / Mutual Epiphany;https://www.vilacelta.com.br/?view=ecom/itens&tcg=1&txt_edicao=120197,https://www.vilacelta.com.br/?view=ecom/item&tcg=1&card=40037;Planechase Anthology;;;;;;
LMOC_151;Epifania Mútua / Mutual Epiphany;https://www.vilacelta.com.br/?view=ecom/itens&tcg=1&txt_edicao=480201,https://www.vilacelta.com.br/?view=ecom/item&tcg=1&card=40037;Marcha das Maquinas: Commander (Planes);;;;;;
VVOC_52;Epifania Oculta / Occult Epiphany;https://www.vilacelta.com.br/?view=ecom/itens&tcg=1&txt_edicao=479880,https://www.vilacelta.com.br/?view=ecom/item&tcg=1&card=62099;Innistrad: Voto Carmesim (Commander Variantes);;;;;;
M21CB_355;Epifania Sublime / Sublime Epiphany;https://www.vilacelta.com.br/?view=ecom/itens&tcg=1&txt_edicao=479809,https://www.vilacelta.com.br/?view=ecom/item&tcg=1&card=56860;Core Set 2021 (Variantes);;;;;;
CBZNR_360;Epígrafe de Abundância / Inscription of Abundance;https://www.vilacelta.com.br/?view=ecom/itens&tcg=1&txt_edicao=479818,https://www.vilacelta.com.br/?view=ecom/item&tcg=1&card=57334;Renascer de Zendikar (Variantes);;;;;;
CBZNR_329;Epígrafe de Discernimento / Inscription of Insight;https://www.vilacelta.com.br/?view=ecom/itens&tcg=1&txt_edicao=479818,https://www.vilacelta.com.br/?view=ecom/item&tcg=1&card=57413;Renascer de Zendikar (Variantes);;;;;;
CBZNR_340;Epígrafe de Ruína / Inscription of Ruin;https://www.vilacelta.com.br/?view=ecom/itens&tcg=1&txt_edicao=479818,https://www.vilacelta.com.br/?view=ecom/item&tcg=1&card=57343;Renascer de Zendikar (Variantes);;;;;;
TS_126;Episódio Psicótico / Psychotic Episode;https://www.vilacelta.com.br/?view=ecom/itens&tcg=1&txt_edicao=191,https://www.vilacelta.com.br/?view=ecom/item&tcg=1&card=3471;Espiral Temporal;;;;;;
JU_130;Época de Semear / Seedtime;https://www.vilacelta.com.br/?view=ecom/itens&tcg=1&txt_edicao=206,https://www.vilacelta.com.br/?view=ecom/item&tcg=1&card=7312;Julgamento;;;;;;
ASSTX_24;Equação Ecoante (Art Card com Assinatura) / Echoing Equation (Art Card with Signature);https://www.vilacelta.com.br/?view=ecom/itens&tcg=1&txt_edicao=479848,https://www.vilacelta.com.br/?view=ecom/item&tcg=1&card=59734;Strixhaven: Art Series;;;;;;
ASSTX_24B;Equação Ecoante (Art Card) / Echoing Equation (Art Card);https://www.vilacelta.com.br/?view=ecom/itens&tcg=1&txt_edicao=479848,https://www.vilacelta.com.br/?view=ecom/item&tcg=1&card=59815;Strixhaven: Art Series;;;;;;
MR_172;Eqüidade de Mangara / Mangara's Equity;https://www.vilacelta.com.br/?view=ecom/itens&tcg=1&txt_edicao=222,https://www.vilacelta.com.br/?view=ecom/item&tcg=1&card=11068;Miragem;;;;;;
4E_22;Equilíbrio / Balance;https://www.vilacelta.com.br/?view=ecom/itens&tcg=1&txt_edicao=236,https://www.vilacelta.com.br/?view=ecom/item&tcg=1&card=15721;Quarta Edicao;;;7,85;PT/EN   [Português / Inglês];HP   [Muito Usada];
RV_14;Equilíbrio / Balance;https://www.vilacelta.com.br/?view=ecom/itens&tcg=1&txt_edicao=237,https://www.vilacelta.com.br/?view=ecom/item&tcg=1&card=15721;Revised Edition;;;;;;
UN_11;Equilíbrio / Balance;https://www.vilacelta.com.br/?view=ecom/itens&tcg=1&txt_edicao=238,https://www.vilacelta.com.br/?view=ecom/item&tcg=1&card=15721;Unlimited Edition;;;;;;
AL_11;Equilíbrio / Balance;https://www.vilacelta.com.br/?view=ecom/itens&tcg=1&txt_edicao=239,https://www.vilacelta.com.br/?view=ecom/item&tcg=1&card=15721;Limited Edition Alpha;;;;;;
FVE_1;Equilíbrio / Balance;https://www.vilacelta.com.br/?view=ecom/itens&tcg=1&txt_edicao=257,https://www.vilacelta.com.br/?view=ecom/item&tcg=1&card=15721;From the Vault: Exiled;;;;;;
JR_15;Equilíbrio / Balance;https://www.vilacelta.com.br/?view=ecom/itens&tcg=1&txt_edicao=301,https://www.vilacelta.com.br/?view=ecom/item&tcg=1&card=15721;Judge Gift Program;;;;;;
BE_11;Equilíbrio / Balance;https://www.vilacelta.com.br/?view=ecom/itens&tcg=1&txt_edicao=316,https://www.vilacelta.com.br/?view=ecom/item&tcg=1&card=15721;Limited Edition Beta;;;;;;
CED_188;Equilíbrio / Balance;https://www.vilacelta.com.br/?view=ecom/itens&tcg=1&txt_edicao=318,https://www.vilacelta.com.br/?view=ecom/item&tcg=1&card=15721;Collector's Edition;;;;;;
CEDI_188;Equilíbrio / Balance;https://www.vilacelta.com.br/?view=ecom/itens&tcg=1&txt_edicao=319,https://www.vilacelta.com.br/?view=ecom/item&tcg=1&card=15721;International Collectors' Edition;;;;;;
4EB_22;Equilíbrio / Balance;https://www.vilacelta.com.br/?view=ecom/itens&tcg=1&txt_edicao=338,https://www.vilacelta.com.br/?view=ecom/item&tcg=1&card=15721;Quarta Edicao (BB);;;;;;
RVB_187;Equilíbrio / Balance;https://www.vilacelta.com.br/?view=ecom/itens&tcg=1&txt_edicao=351,https://www.vilacelta.com.br/?view=ecom/item&tcg=1&card=15721;Revised Edition (BB);;;;;;
SUMMER_187;Equilíbrio / Balance;https://www.vilacelta.com.br/?view=ecom/itens&tcg=1&txt_edicao=377652,https://www.vilacelta.com.br/?view=ecom/item&tcg=1&card=15721;Revised Edition (Summer Magic Edgar);;;;;;
PTD_19960;Equilíbrio / Balance;https://www.vilacelta.com.br/?view=ecom/itens&tcg=1&txt_edicao=440840,https://www.vilacelta.com.br/?view=ecom/item&tcg=1&card=15721;Pro Tour Decks;;;;;;
SLD49_173;Equilíbrio / Balance;https://www.vilacelta.com.br/?view=ecom/itens&tcg=1&txt_edicao=479999,https://www.vilacelta.com.br/?view=ecom/item&tcg=1&card=15721;Secret Lair Drop Series: Artist Series: Mark Poole;;;;;;
RF30A_300;Equilíbrio / Balance;https://www.vilacelta.com.br/?view=ecom/itens&tcg=1&txt_edicao=480115,https://www.vilacelta.com.br/?view=ecom/item&tcg=1&card=15721;30th Anniversary Edition (Retro Frame);;;;;;
PTD_19960835;Equilíbrio (BL-96) / Balance (BL-96);https://www.vilacelta.com.br/?view=ecom/itens&tcg=1&txt_edicao=440840,https://www.vilacelta.com.br/?view=ecom/item&tcg=1&card=65610;Pro Tour Decks;;;;;;
PTD_19960873;Equilíbrio (ET-96) / Balance (ET-96);https://www.vilacelta.com.br/?view=ecom/itens&tcg=1&txt_edicao=440840,https://www.vilacelta.com.br/?view=ecom/item&tcg=1&card=65649;Pro Tour Decks;;;;;;
PTD_19960988;Equilíbrio (MJ-96) / Balance (MJ-96);https://www.vilacelta.com.br/?view=ecom/itens&tcg=1&txt_edicao=440840,https://www.vilacelta.com.br/?view=ecom/item&tcg=1&card=65765;Pro Tour Decks;;;;;;
PTD_19961025;Equilíbrio (ML-96) / Balance (ML-96);https://www.vilacelta.com.br/?view=ecom/itens&tcg=1&txt_edicao=440840,https://www.vilacelta.com.br/?view=ecom/item&tcg=1&card=65802;Pro Tour Decks;;;;;;
PTD_19961067;Equilíbrio (PP-96) / Balance (PP-96);https://www.vilacelta.com.br/?view=ecom/itens&tcg=1&txt_edicao=440840,https://www.vilacelta.com.br/?view=ecom/item&tcg=1&card=65846;Pro Tour Decks;;;;;;
PTD_19961106;Equilíbrio (SHR-96) / Balance (SHR-96);https://www.vilacelta.com.br/?view=ecom/itens&tcg=1&txt_edicao=440840,https://www.vilacelta.com.br/?view=ecom/item&tcg=1&card=65885;Pro Tour Decks;;;;;;
AP_77;Equilíbrio de Gaia / Gaea's Balance;https://www.vilacelta.com.br/?view=ecom/itens&tcg=1&txt_edicao=209,https://www.vilacelta.com.br/?view=ecom/item&tcg=1&card=7895;Apocalipse;;;;;;
8E_62;Equilíbrio de Poder / Balance of Power;https://www.vilacelta.com.br/?view=ecom/itens&tcg=1&txt_edicao=234,https://www.vilacelta.com.br/?view=ecom/item&tcg=1&card=13678;Oitava Edicao - Kit Basico;;;;;;
P3K_34;Equilíbrio de Poder / Balance of Power;https://www.vilacelta.com.br/?view=ecom/itens&tcg=1&txt_edicao=276,https://www.vilacelta.com.br/?view=ecom/item&tcg=1&card=13678;Portal Three Kingdoms;;;;;;
PO_12;Equilíbrio de Poder / Balance of Power;https://www.vilacelta.com.br/?view=ecom/itens&tcg=1&txt_edicao=278,https://www.vilacelta.com.br/?view=ecom/item&tcg=1&card=13678;Portal;;;;;;
PLIST_1086;Equilíbrio de Poder / Balance of Power;https://www.vilacelta.com.br/?view=ecom/itens&tcg=1&txt_edicao=479828,https://www.vilacelta.com.br/?view=ecom/item&tcg=1&card=13678;The List;;;;;;
MR_194;Equilíbrio Natural / Natural Balance;https://www.vilacelta.com.br/?view=ecom/itens&tcg=1&txt_edicao=222,https://www.vilacelta.com.br/?view=ecom/item&tcg=1&card=10967;Miragem;;1;29,90;PT/EN   [Português / Inglês];NM   [Praticamente Nova];
MR_194;Equilíbrio Natural / Natural Balance;https://www.vilacelta.com.br/?view=ecom/itens&tcg=1&txt_edicao=222,https://www.vilacelta.com.br/?view=ecom/item&tcg=1&card=10967;Miragem;;2;27,90;PT/EN   [Português / Inglês];SP   [Usada Levemente];
MR_194;Equilíbrio Natural / Natural Balance;https://www.vilacelta.com.br/?view=ecom/itens&tcg=1&txt_edicao=222,https://www.vilacelta.com.br/?view=ecom/item&tcg=1&card=10967;Miragem;;2;21,90;PT/EN   [Português / Inglês];MP   [Usada Moderadamente];
EX_32;Equilibrium;https://www.vilacelta.com.br/?view=ecom/itens&tcg=1&txt_edicao=217,https://www.vilacelta.com.br/?view=ecom/item&tcg=1&card=9900;Exodo;;1;34,90;PT/EN   [Português / Inglês];SP   [Usada Levemente];
7E_71;Equilibrium;https://www.vilacelta.com.br/?view=ecom/itens&tcg=1&txt_edicao=322,https://www.vilacelta.com.br/?view=ecom/item&tcg=1&card=9900;Setima Edicao;;2;31,90;PT/EN   [Português / Inglês];MP   [Usada Moderadamente];
7E_71;Equilibrium;https://www.vilacelta.com.br/?view=ecom/itens&tcg=1&txt_edicao=322,https://www.vilacelta.com.br/?view=ecom/item&tcg=1&card=9900;Setima Edicao;;;41,90;PT/EN   [Português / Inglês];SP   [Usada Levemente];
PLIST_1249;Equilibrium;https://www.vilacelta.com.br/?view=ecom/itens&tcg=1&txt_edicao=479828,https://www.vilacelta.com.br/?view=ecom/item&tcg=1&card=9900;The List;;;;;;
MM_283;Equinócio da Primavera / Vernal Equinox;https://www.vilacelta.com.br/?view=ecom/itens&tcg=1&txt_edicao=213,https://www.vilacelta.com.br/?view=ecom/item&tcg=1&card=9165;Mascaras de Mercadia;;;;;;
PLIST_331;Equinócio da Primavera / Vernal Equinox;https://www.vilacelta.com.br/?view=ecom/itens&tcg=1&txt_edicao=479828,https://www.vilacelta.com.br/?view=ecom/item&tcg=1&card=9165;The List;;1;12,90;ING     [Inglês];NM   [Praticamente Nova];
LG_77;Equinox;https://www.vilacelta.com.br/?view=ecom/itens&tcg=1&txt_edicao=226,https://www.vilacelta.com.br/?view=ecom/item&tcg=1&card=11816;Legends;;;;;;
8E_184;Equipe de Demolição dos Anões / Dwarven Demolition Team;https://www.vilacelta.com.br/?view=ecom/itens&tcg=1&txt_edicao=234,https://www.vilacelta.com.br/?view=ecom/item&tcg=1&card=13800;Oitava Edicao - Kit Basico;;;;;;
UN_72;Equipe de Demolição dos Anões / Dwarven Demolition Team;https://www.vilacelta.com.br/?view=ecom/itens&tcg=1&txt_edicao=238,https://www.vilacelta.com.br/?view=ecom/item&tcg=1&card=13800;Unlimited Edition;;;;;;
AL_71;Equipe de Demolição dos Anões / Dwarven Demolition Team;https://www.vilacelta.com.br/?view=ecom/itens&tcg=1&txt_edicao=239,https://www.vilacelta.com.br/?view=ecom/item&tcg=1&card=13800;Limited Edition Alpha;;;;;;
BE_72;Equipe de Demolição dos Anões / Dwarven Demolition Team;https://www.vilacelta.com.br/?view=ecom/itens&tcg=1&txt_edicao=316,https://www.vilacelta.com.br/?view=ecom/item&tcg=1&card=13800;Limited Edition Beta;;;;;;
CED_144;Equipe de Demolição dos Anões / Dwarven Demolition Team;https://www.vilacelta.com.br/?view=ecom/itens&tcg=1&txt_edicao=318,https://www.vilacelta.com.br/?view=ecom/item&tcg=1&card=13800;Collector's Edition;;;;;;
CEDI_144;Equipe de Demolição dos Anões / Dwarven Demolition Team;https://www.vilacelta.com.br/?view=ecom/itens&tcg=1&txt_edicao=319,https://www.vilacelta.com.br/?view=ecom/item&tcg=1&card=13800;International Collectors' Edition;;;;;;
RF30A_436;Equipe de Demolição dos Anões / Dwarven Demolition Team;https://www.vilacelta.com.br/?view=ecom/itens&tcg=1&txt_edicao=480115,https://www.vilacelta.com.br/?view=ecom/item&tcg=1&card=13800;30th Anniversary Edition (Retro Frame);;;;;;
NEO_11;Era da Iluminação / Era of Enlightenment;https://www.vilacelta.com.br/?view=ecom/itens&tcg=1&txt_edicao=479888,https://www.vilacelta.com.br/?view=ecom/item&tcg=1&card=62591;Kamigawa: Dinastia Neon;;1;1,25;PT/EN   [Português / Inglês];NM   [Praticamente Nova];Foil
NEO_11;Era da Iluminação / Era of Enlightenment;https://www.vilacelta.com.br/?view=ecom/itens&tcg=1&txt_edicao=479888,https://www.vilacelta.com.br/?view=ecom/item&tcg=1&card=62591;Kamigawa: Dinastia Neon;;1;1,25;JP      [Japonês];NM   [Praticamente Nova];Foil
NEO_11;Era da Iluminação / Era of Enlightenment;https://www.vilacelta.com.br/?view=ecom/itens&tcg=1&txt_edicao=479888,https://www.vilacelta.com.br/?view=ecom/item&tcg=1&card=62591;Kamigawa: Dinastia Neon;;32;0,35;PT/EN   [Português / Inglês];NM   [Praticamente Nova];
NEO_11;Era da Iluminação / Era of Enlightenment;https://www.vilacelta.com.br/?view=ecom/itens&tcg=1&txt_edicao=479888,https://www.vilacelta.com.br/?view=ecom/item&tcg=1&card=62591;Kamigawa: Dinastia Neon;;9;0,35;JP      [Japonês];NM   [Praticamente Nova];
KLD_45;;https://www.vilacelta.com.br/?view=ecom/admin/stats/bestsellers&tcg=1&search_extras=2&page=2&position=134&search_period=1&search_date=11/03/2024#134,https://www.vilacelta.com.br/?view=ecom/itens&tcg=1&txt_edicao=87614,https://www.vilacelta.com.br/?view=ecom/item&tcg=1&card=37580;Kaladesh;;3;1,90;PT/EN   [Português / Inglês];NM   [Praticamente Nova];Foil
KLD_45;;https://www.vilacelta.com.br/?view=ecom/admin/stats/bestsellers&tcg=1&search_extras=0&page=5&position=494&search_period=1&search_date=11/03/2024#494,https://www.vilacelta.com.br/?view=ecom/itens&tcg=1&txt_edicao=87614,https://www.vilacelta.com.br/?view=ecom/item&tcg=1&card=37580;Kaladesh;;65;0,52;PT/EN   [Português / Inglês];NM   [Praticamente Nova];
CELD_371;Era Uma Vez / Once Upon a Time;https://www.vilacelta.com.br/?view=ecom/itens&tcg=1&txt_edicao=479774,https://www.vilacelta.com.br/?view=ecom/item&tcg=1&card=55019;Trono de Eldraine (Variantes);;;108,90;ING     [Inglês];NM   [Praticamente Nova];Foil
PLIST_1345;Era Uma Vez / Once Upon a Time;https://www.vilacelta.com.br/?view=ecom/itens&tcg=1&txt_edicao=479828,https://www.vilacelta.com.br/?view=ecom/item&tcg=1&card=55019;The List;;;;;;
UH_10;Erase (Not the Urza's Legacy One);https://www.vilacelta.com.br/?view=ecom/itens&tcg=1&txt_edicao=271,https://www.vilacelta.com.br/?view=ecom/item&tcg=1&card=20053;Unhinged;;;;;;
CTHB_262;Érebo, Coração Sombrio / Erebos, Bleak-Hearted;https://www.vilacelta.com.br/?view=ecom/itens&tcg=1&txt_edicao=479786,https://www.vilacelta.com.br/?view=ecom/item&tcg=1&card=55781;Theros Alem da Morte (Variantes);;;27,90;PT/EN   [Português / Inglês];SP   [Usada Levemente];Foil
SLD11_74;Érebo, Deus dos Mortos / Erebos, God of the Dead;https://www.vilacelta.com.br/?view=ecom/itens&tcg=1&txt_edicao=480073,https://www.vilacelta.com.br/?view=ecom/item&tcg=1&card=27665;Secret Lair Drop Series: Theros Stargazing, Volume III;;;;;;
OFMH2_20;Eremita da Floresta Profunda / Deep Forest Hermit;https://www.vilacelta.com.br/?view=ecom/itens&tcg=1&txt_edicao=479854,https://www.vilacelta.com.br/?view=ecom/item&tcg=1&card=53697;Modern Horizons 2 (Moldura Antiga);;1;12,90;ING     [Inglês];NM   [Praticamente Nova];Foil Especial / Foil Etched
MB1_400;Eremita da Maré Alta / Hightide Hermit;https://www.vilacelta.com.br/?view=ecom/itens&tcg=1&txt_edicao=479791,https://www.vilacelta.com.br/?view=ecom/item&tcg=1&card=37670;Mystery Booster;;;;;;
FECLB_514;Eremita de Floresta do Manto / Cloakwood Hermit;https://www.vilacelta.com.br/?view=ecom/itens&tcg=1&txt_edicao=479915,https://www.vilacelta.com.br/?view=ecom/item&tcg=1&card=64063;Commander Legends: Batalha por Portal de Baldur (Foil Etched);;1;2,92;PT/EN   [Português / Inglês];NM   [Praticamente Nova];Foil Especial / Foil Etched
MOM_188;Eremita de Gnottvold / Gnottvold Hermit;https://www.vilacelta.com.br/?view=ecom/itens&tcg=1&txt_edicao=480189,https://www.vilacelta.com.br/?view=ecom/item&tcg=1&card=68311;Marcha das Maquinas;;1;0,95;PT/EN   [Português / Inglês];NM   [Praticamente Nova];Foil
MOM_188;Eremita de Gnottvold / Gnottvold Hermit;https://www.vilacelta.com.br/?view=ecom/itens&tcg=1&txt_edicao=480189,https://www.vilacelta.com.br/?view=ecom/item&tcg=1&card=68311;Marcha das Maquinas;;16;0,45;PT/EN   [Português / Inglês];NM   [Praticamente Nova];
UL_101;Eremita Demente / Deranged Hermit;https://www.vilacelta.com.br/?view=ecom/itens&tcg=1&txt_edicao=215,https://www.vilacelta.com.br/?view=ecom/item&tcg=1&card=9476;O Legado de Urza;;;128,90;PT/EN   [Português / Inglês];HP   [Muito Usada];
UL_101;Eremita Demente / Deranged Hermit;https://www.vilacelta.com.br/?view=ecom/itens&tcg=1&txt_edicao=215,https://www.vilacelta.com.br/?view=ecom/item&tcg=1&card=9476;O Legado de Urza;;2;149,90;PT/EN   [Português / Inglês];MP   [Usada Moderadamente];
JR_18;Eremita Demente / Deranged Hermit;https://www.vilacelta.com.br/?view=ecom/itens&tcg=1&txt_edicao=301,https://www.vilacelta.com.br/?view=ecom/item&tcg=1&card=9476;Judge Gift Program;;;;;;
DKA_94;Eremita do Interior / Hinterland Hermit;https://www.vilacelta.com.br/?view=ecom/itens&tcg=1&txt_edicao=310,https://www.vilacelta.com.br/?view=ecom/item&tcg=1&card=24237;Ascensao das Trevas;;;;;;
SOI_209;Eremita do Monte Rezinga / Hermit of the Natterknolls;https://www.vilacelta.com.br/?view=ecom/itens&tcg=1&txt_edicao=79577,https://www.vilacelta.com.br/?view=ecom/item&tcg=1&card=35730;Sombras em Innistrad;;50;1,21;PT/EN   [Português / Inglês];NM   [Praticamente Nova];
SKMH2_347;Eremita do Submundo / Underworld Hermit;https://www.vilacelta.com.br/?view=ecom/itens&tcg=1&txt_edicao=479859,https://www.vilacelta.com.br/?view=ecom/item&tcg=1&card=60006;Modern Horizons 2 (Sketch);;19;1,25;PT/EN   [Português / Inglês];NM   [Praticamente Nova];
PC_16;Eremita dos Campos Salinos / Saltfield Recluse;https://www.vilacelta.com.br/?view=ecom/itens&tcg=1&txt_edicao=190,https://www.vilacelta.com.br/?view=ecom/item&tcg=1&card=3193;Caos Planar;;;;;;
TS_111;Eremita Górgona / Gorgon Recluse;https://www.vilacelta.com.br/?view=ecom/itens&tcg=1&txt_edicao=191,https://www.vilacelta.com.br/?view=ecom/item&tcg=1&card=3456;Espiral Temporal;;;;;;
MID_61;Eremita Malevolente / Malevolent Hermit;https://www.vilacelta.com.br/?view=ecom/itens&tcg=1&txt_edicao=479864,https://www.vilacelta.com.br/?view=ecom/item&tcg=1&card=61452;Innistrad: Cacada a Meia-noite;;;19,90;PT/EN   [Português / Inglês];NM   [Praticamente Nova];
CBMID_336;Eremita Malevolente / Malevolent Hermit;https://www.vilacelta.com.br/?view=ecom/itens&tcg=1&txt_edicao=479865,https://www.vilacelta.com.br/?view=ecom/item&tcg=1&card=61452;Innistrad: Cacada a Meia-noite (Variantes);;1;39,90;PT/EN   [Português / Inglês];NM   [Praticamente Nova];Foil
DBL_61;Eremita Malevolente / Malevolent Hermit;https://www.vilacelta.com.br/?view=ecom/itens&tcg=1&txt_edicao=479882,https://www.vilacelta.com.br/?view=ecom/item&tcg=1&card=61452;Innistrad: Double Feature;;;;;;
TS_228;Eremita Theloniano / Thelonite Hermit;https://www.vilacelta.com.br/?view=ecom/itens&tcg=1&txt_edicao=191,https://www.vilacelta.com.br/?view=ecom/item&tcg=1&card=3573;Espiral Temporal;;1;1,39;PT/EN   [Português / Inglês];MP   [Usada Moderadamente];
HACHETTE_589;Eremita Theloniano / Thelonite Hermit;https://www.vilacelta.com.br/?view=ecom/itens&tcg=1&txt_edicao=340,https://www.vilacelta.com.br/?view=ecom/item&tcg=1&card=3573;Hachette Encyclopedia Inserts;;;;;;
SALVAT_589;Eremita Theloniano / Thelonite Hermit;https://www.vilacelta.com.br/?view=ecom/itens&tcg=1&txt_edicao=352,https://www.vilacelta.com.br/?view=ecom/item&tcg=1&card=3573;Hachette Encyclopedia Inserts;;;;;;
VLTC_136;Erestor do Conselho / Erestor of the Council;https://www.vilacelta.com.br/?view=ecom/itens&tcg=1&txt_edicao=480239,https://www.vilacelta.com.br/?view=ecom/item&tcg=1&card=69204;Contos da Terra Media Commander (Variants);;;;;;
SSLTC_457;Erestor do Conselho / Erestor of the Council;https://www.vilacelta.com.br/?view=ecom/itens&tcg=1&txt_edicao=480321,https://www.vilacelta.com.br/?view=ecom/item&tcg=1&card=69204;Contos da Terra Media Commander (Showcase Scrolls);;;;;;
VLTC_106;Erguer a Paliçada / Raise the Palisade;https://www.vilacelta.com.br/?view=ecom/itens&tcg=1&txt_edicao=480239,https://www.vilacelta.com.br/?view=ecom/item&tcg=1&card=69193;Contos da Terra Media Commander (Variants);;;;;;
SSLTC_425;Erguer a Paliçada / Raise the Palisade;https://www.vilacelta.com.br/?view=ecom/itens&tcg=1&txt_edicao=480321,https://www.vilacelta.com.br/?view=ecom/item&tcg=1&card=69193;Contos da Terra Media Commander (Showcase Scrolls);;;;;;
FNMP_196;Erguer-se das Marés / Rise from the Tides;https://www.vilacelta.com.br/?view=ecom/itens&tcg=1&txt_edicao=297,https://www.vilacelta.com.br/?view=ecom/item&tcg=1&card=35507;Friday Night Magic;;13;1,45;PT/EN   [Português / Inglês];NM   [Praticamente Nova];Foil,FNM
GN2_38;Erguer-se das Marés / Rise from the Tides;https://www.vilacelta.com.br/?view=ecom/itens&tcg=1&txt_edicao=479784,https://www.vilacelta.com.br/?view=ecom/item&tcg=1&card=35507;Game Night 2019;;;;;;
ASCMM_11;Erguer-se das Marés (Art Card com Assinatura) / Rise from the Tides (Art Card with Signature);https://www.vilacelta.com.br/?view=ecom/itens&tcg=1&txt_edicao=480270,https://www.vilacelta.com.br/?view=ecom/item&tcg=1&card=69955;Commander Masters (Art Series);;;;;;
ASCMM_11;Erguer-se das Marés (Art Card) / Rise from the Tides (Art Card);https://www.vilacelta.com.br/?view=ecom/itens&tcg=1&txt_edicao=480270,https://www.vilacelta.com.br/?view=ecom/item&tcg=1&card=69875;Commander Masters (Art Series);;;;;;
BWOE_299;Eriette da Maçã Enfeitiçada / Eriette of the Charmed Apple;https://www.vilacelta.com.br/?view=ecom/itens&tcg=1&txt_edicao=480294,https://www.vilacelta.com.br/?view=ecom/item&tcg=1&card=70207;Terras Selvagens de Eldraine (Borderless);;;;;;
ASWOE_58;Eriette da Maçã Enfeitiçada (Art Card com Assinatura) / Eriette of the Charmed Apple (Art Card with Signature);https://www.vilacelta.com.br/?view=ecom/itens&tcg=1&txt_edicao=480298,https://www.vilacelta.com.br/?view=ecom/item&tcg=1&card=70632;Terras Selvagens de Eldraine (Art Series);;;;;;
ASWOE_58;Eriette da Maçã Enfeitiçada (Art Card) / Eriette of the Charmed Apple (Art Card);https://www.vilacelta.com.br/?view=ecom/itens&tcg=1&txt_edicao=480298,https://www.vilacelta.com.br/?view=ecom/item&tcg=1&card=70712;Terras Selvagens de Eldraine (Art Series);;;;;;
CLB_230;;https://www.vilacelta.com.br/?view=ecom/admin/stats/bestsellers&tcg=1&search_extras=2&page=9&position=858&search_period=1&search_date=11/03/2024#858,https://www.vilacelta.com.br/?view=ecom/itens&tcg=1&txt_edicao=479911,https://www.vilacelta.com.br/?view=ecom/item&tcg=1&card=64109;Commander Legends: Batalha por Portal de Baldur;;1;2,32;PT/EN   [Português / Inglês];NM   [Praticamente Nova];Foil
FECLB_515;Erinis, Espreitadora Sombria / Erinis, Gloom Stalker;https://www.vilacelta.com.br/?view=ecom/itens&tcg=1&txt_edicao=479915,https://www.vilacelta.com.br/?view=ecom/item&tcg=1&card=64109;Commander Legends: Batalha por Portal de Baldur (Foil Etched);;1;2,78;PT/EN   [Português / Inglês];NM   [Praticamente Nova];Foil Especial / Foil Etched
RBCLB_407;Erinis, Espreitadora Sombria / Erinis, Gloom Stalker;https://www.vilacelta.com.br/?view=ecom/itens&tcg=1&txt_edicao=479917,https://www.vilacelta.com.br/?view=ecom/item&tcg=1&card=64109;Commander Legends: Batalha por Portal de Baldur (Rulebook);;9;1,22;PT/EN   [Português / Inglês];NM   [Praticamente Nova];
MM_244;Erithizon;https://www.vilacelta.com.br/?view=ecom/itens&tcg=1&txt_edicao=213,https://www.vilacelta.com.br/?view=ecom/item&tcg=1&card=9126;Mascaras de Mercadia;;;;;;
SSLTR_574;Erkenbrand, Senhor do Folde Ocidental / Erkenbrand, Lord of Westfold;https://www.vilacelta.com.br/?view=ecom/itens&tcg=1&txt_edicao=480316,https://www.vilacelta.com.br/?view=ecom/item&tcg=1&card=69133;O Senhor dos Aneis: Contos da Terra Media (Showcase Scrolls);;;;;;
OGW_184G;Ermo / Wastes;https://www.vilacelta.com.br/?view=ecom/itens&tcg=1&txt_edicao=78616,https://www.vilacelta.com.br/?view=ecom/item&tcg=1&card=34938;Juramento das Sentinelas;;;2,82;PT/EN   [Português / Inglês];NM   [Praticamente Nova];
EA2_22;Ermo / Wastes;https://www.vilacelta.com.br/?view=ecom/itens&tcg=1&txt_edicao=480143,https://www.vilacelta.com.br/?view=ecom/item&tcg=1&card=34938;Explorer Anthology 2;;;;;;
CMM_1055;Ermo (#1055) / Wastes (#1055);https://www.vilacelta.com.br/?view=ecom/itens&tcg=1&txt_edicao=480263,https://www.vilacelta.com.br/?view=ecom/item&tcg=1&card=69789;Commander Masters;;;;;;
CMM_1056;Ermo (#1056) / Wastes (#1056);https://www.vilacelta.com.br/?view=ecom/itens&tcg=1&txt_edicao=480263,https://www.vilacelta.com.br/?view=ecom/item&tcg=1&card=69790;Commander Masters;;;;;;
OGW_183;Ermo (#183a) / Wastes (#183a);https://www.vilacelta.com.br/?view=ecom/itens&tcg=1&txt_edicao=78616,https://www.vilacelta.com.br/?view=ecom/item&tcg=1&card=46325;Juramento das Sentinelas;;6;8,81;PT/EN   [Português / Inglês];NM   [Praticamente Nova];