GFUNF_449;"Brims" Barone, Midway Mobster;https://www.vilacelta.com.br/?view=ecom/itens&tcg=1&txt_edicao=480093,https://www.vilacelta.com.br/?view=ecom/item&tcg=1&card=66449;Unfinity (Galaxy Foil);;;;;;
GSUNF_507;"Brims" Barone, Midway Mobster;https://www.vilacelta.com.br/?view=ecom/itens&tcg=1&txt_edicao=480095,https://www.vilacelta.com.br/?view=ecom/item&tcg=1&card=66449;Unfinity (Galaxy Foil Showcase);;;;;;
SCUNF_256;"Brims" Barone, Midway Mobster;https://www.vilacelta.com.br/?view=ecom/itens&tcg=1&txt_edicao=480096,https://www.vilacelta.com.br/?view=ecom/item&tcg=1&card=66449;Unfinity (Showcase);;2;3,05;PT/EN   [Português / Inglês];NM   [Praticamente Nova];
TROE_RT01;"Levelers" (#01);https://www.vilacelta.com.br/?view=ecom/itens&tcg=1&txt_edicao=480273,https://www.vilacelta.com.br/?view=ecom/item&tcg=1&card=69703;Ascensao dos Eldrazi (Tokens);;;;;;
UNF_107MOL;"Name Sticker" Goblin;https://www.vilacelta.com.br/?view=ecom/itens&tcg=1&txt_edicao=479884,https://www.vilacelta.com.br/?view=ecom/item&tcg=1&card=70819;Unfinity;;;;;;
UH_116;“Ach! Hans, Run!”;https://www.vilacelta.com.br/?view=ecom/itens&tcg=1&txt_edicao=271,https://www.vilacelta.com.br/?view=ecom/item&tcg=1&card=20159;Unhinged;;;;;;
TZEN_RT03;“Quests” (#03);https://www.vilacelta.com.br/?view=ecom/itens&tcg=1&txt_edicao=480275,https://www.vilacelta.com.br/?view=ecom/item&tcg=1&card=69731;Zendikar (Tokens);;;;;;
UQC_1;1996 World Champion;https://www.vilacelta.com.br/?view=ecom/itens&tcg=1&txt_edicao=307,https://www.vilacelta.com.br/?view=ecom/item&tcg=1&card=21711;Celebration Cards;;;;;;
EXBRO_321;A Âncora Temporal / The Temporal Anchor;https://www.vilacelta.com.br/?view=ecom/itens&tcg=1&txt_edicao=480043,https://www.vilacelta.com.br/?view=ecom/item&tcg=1&card=66878;A Guerra dos Irmaos (Extended Art);;2;4,95;PT/EN   [Português / Inglês];NM   [Praticamente Nova];
VBRC_46;A Arquimandrita / The Archimandrite;https://www.vilacelta.com.br/?view=ecom/itens&tcg=1&txt_edicao=480103,https://www.vilacelta.com.br/?view=ecom/item&tcg=1&card=67165;A Guerra dos Irmaos Commander (Variants);;;;;;
RRLTC_348;A Árvore da Festa // O Grande Círculo / The Party Tree // The Great Henge;https://www.vilacelta.com.br/?view=ecom/itens&tcg=1&txt_edicao=480240,https://www.vilacelta.com.br/?view=ecom/item&tcg=1&card=69006;Contos da Terra Media Commander (Realms and Relics);;;;;;
SFLTC_378;A Árvore da Festa // O Grande Círculo / The Party Tree // The Great Henge;https://www.vilacelta.com.br/?view=ecom/itens&tcg=1&txt_edicao=480241,https://www.vilacelta.com.br/?view=ecom/item&tcg=1&card=69006;Contos da Terra Media Commander (Realms and Relics Surge Foil);;;;;;
SRLTC_378;A Árvore da Festa // O Grande Círculo / The Party Tree // The Great Henge;https://www.vilacelta.com.br/?view=ecom/itens&tcg=1&txt_edicao=480325,https://www.vilacelta.com.br/?view=ecom/item&tcg=1&card=69006;Contos da Terra Media Commander (Serialized Realms and Relics);;;;;;
PLIST_1149;A Árvore-mundo / The World Tree;https://www.vilacelta.com.br/?view=ecom/itens&tcg=1&txt_edicao=479828,https://www.vilacelta.com.br/?view=ecom/item&tcg=1&card=58842;The List;;;29,99;PT/EN   [Português / Inglês];NM   [Praticamente Nova];
CBKHM_373;A Árvore-mundo / The World Tree;https://www.vilacelta.com.br/?view=ecom/itens&tcg=1&txt_edicao=479835,https://www.vilacelta.com.br/?view=ecom/item&tcg=1&card=58842;Kaldheim (Variantes);;;;;;
SLD159_1266;A Árvore-mundo / The World Tree;https://www.vilacelta.com.br/?view=ecom/itens&tcg=1&txt_edicao=480193,https://www.vilacelta.com.br/?view=ecom/item&tcg=1&card=58842;Secret Lair Drop Series: Showcase: March of the Machine Vol. 1;;;;;;
SLC169_126;A Árvore-mundo / The World Tree;https://www.vilacelta.com.br/?view=ecom/itens&tcg=1&txt_edicao=480245,https://www.vilacelta.com.br/?view=ecom/item&tcg=1&card=58842;Secret Lair Commander: From Cute to Brute;;;;;;
ASKHM_76;A Árvore-mundo (Art Card com Assinatura) / The World Tree (Art Card with Signature);https://www.vilacelta.com.br/?view=ecom/itens&tcg=1&txt_edicao=480257,https://www.vilacelta.com.br/?view=ecom/item&tcg=1&card=69619;Kaldheim (Art Series);;;;;;
ASKHM_76;A Árvore-mundo (Art Card) / The World Tree (Art Card);https://www.vilacelta.com.br/?view=ecom/itens&tcg=1&txt_edicao=480257,https://www.vilacelta.com.br/?view=ecom/item&tcg=1&card=59194;Kaldheim (Art Series);;;;;;
ASONE_59;A Basílica Alva (Art Card com Assinatura) / The Fair Basilica (Art Card with Signature);https://www.vilacelta.com.br/?view=ecom/itens&tcg=1&txt_edicao=480172,https://www.vilacelta.com.br/?view=ecom/item&tcg=1&card=68017;Phyrexia: Tudo sera um (Art Series);;;;;;
ASONE_59;A Basílica Alva (Art Card) / The Fair Basilica (Art Card);https://www.vilacelta.com.br/?view=ecom/itens&tcg=1&txt_edicao=480172,https://www.vilacelta.com.br/?view=ecom/item&tcg=1&card=68095;Phyrexia: Tudo sera um (Art Series);;;;;;
EXLTR_346;A Batalha de Beirágua / The Battle of Bywater;https://www.vilacelta.com.br/?view=ecom/itens&tcg=1&txt_edicao=480232,https://www.vilacelta.com.br/?view=ecom/item&tcg=1&card=69144;O Senhor dos Aneis: Contos da Terra Media (Extended Art);;;;;;
SSLTR_453;A Batalha de Beirágua / The Battle of Bywater;https://www.vilacelta.com.br/?view=ecom/itens&tcg=1&txt_edicao=480316,https://www.vilacelta.com.br/?view=ecom/item&tcg=1&card=69144;O Senhor dos Aneis: Contos da Terra Media (Showcase Scrolls);;;;;;
ESLTR_757;A Batalha de Beirágua / The Battle of Bywater;https://www.vilacelta.com.br/?view=ecom/itens&tcg=1&txt_edicao=480317,https://www.vilacelta.com.br/?view=ecom/item&tcg=1&card=69144;O Senhor dos Aneis: Contos da Terra Media (Extended Art Surge Foil);;;;;;
UL_50;À Beira da Loucura / Brink of Madness;https://www.vilacelta.com.br/?view=ecom/itens&tcg=1&txt_edicao=215,https://www.vilacelta.com.br/?view=ecom/item&tcg=1&card=9425;O Legado de Urza;;;2,05;PT/EN   [Português / Inglês];MP   [Usada Moderadamente];
PLIST_89;À Beira da Loucura / Brink of Madness;https://www.vilacelta.com.br/?view=ecom/itens&tcg=1&txt_edicao=479828,https://www.vilacelta.com.br/?view=ecom/item&tcg=1&card=9425;The List;;;;;;
LMOC_47;A Caldaia / The Caldaia;https://www.vilacelta.com.br/?view=ecom/itens&tcg=1&txt_edicao=480201,https://www.vilacelta.com.br/?view=ecom/item&tcg=1&card=68590;Marcha das Maquinas: Commander (Planes);;;;;;
SSLTR_491;A Canção do Banho / The Bath Song;https://www.vilacelta.com.br/?view=ecom/itens&tcg=1&txt_edicao=480316,https://www.vilacelta.com.br/?view=ecom/item&tcg=1&card=69080;O Senhor dos Aneis: Contos da Terra Media (Showcase Scrolls);;;;;;
ASLCI_41;A Capita Sinistra (Art Card com Assinatura) / The Grim Captain (Art Card with Signature);https://www.vilacelta.com.br/?view=ecom/itens&tcg=1&txt_edicao=480363,https://www.vilacelta.com.br/?view=ecom/item&tcg=1&card=71924;As Cavernas Perdidas de Ixalan (Art Series);;;;;;
ASLCI_41;A Capitã Sinistra (Art Card) / The Grim Captain (Art Card);https://www.vilacelta.com.br/?view=ecom/itens&tcg=1&txt_edicao=480363,https://www.vilacelta.com.br/?view=ecom/item&tcg=1&card=72005;As Cavernas Perdidas de Ixalan (Art Series);;;;;;
PLIST_129;A Chama de Keld / The Flame of Keld;https://www.vilacelta.com.br/?view=ecom/itens&tcg=1&txt_edicao=479828,https://www.vilacelta.com.br/?view=ecom/item&tcg=1&card=49147;The List;;;;;;
LMOC_52;A Cidade Dourada de Orazca / The Golden City of Orazca;https://www.vilacelta.com.br/?view=ecom/itens&tcg=1&txt_edicao=480201,https://www.vilacelta.com.br/?view=ecom/item&tcg=1&card=68592;Marcha das Maquinas: Commander (Planes);;;;;;
6E_289;A Colméia / The Hive;https://www.vilacelta.com.br/?view=ecom/itens&tcg=1&txt_edicao=235,https://www.vilacelta.com.br/?view=ecom/item&tcg=1&card=13207;Sexta Edicao Classica;;;;;;
4E_310;A Colméia / The Hive;https://www.vilacelta.com.br/?view=ecom/itens&tcg=1&txt_edicao=236,https://www.vilacelta.com.br/?view=ecom/item&tcg=1&card=13207;Quarta Edicao;;;;;;
RV_251;A Colméia / The Hive;https://www.vilacelta.com.br/?view=ecom/itens&tcg=1&txt_edicao=237,https://www.vilacelta.com.br/?view=ecom/item&tcg=1&card=13207;Revised Edition;;;;;;
UN_244;A Colméia / The Hive;https://www.vilacelta.com.br/?view=ecom/itens&tcg=1&txt_edicao=238,https://www.vilacelta.com.br/?view=ecom/item&tcg=1&card=13207;Unlimited Edition;;;;;;
AL_243;A Colméia / The Hive;https://www.vilacelta.com.br/?view=ecom/itens&tcg=1&txt_edicao=239,https://www.vilacelta.com.br/?view=ecom/item&tcg=1&card=13207;Limited Edition Alpha;;;;;;
5E_378;A Colméia / The Hive;https://www.vilacelta.com.br/?view=ecom/itens&tcg=1&txt_edicao=312,https://www.vilacelta.com.br/?view=ecom/item&tcg=1&card=13207;Quinta Edicao;;;;;;
BE_244;A Colméia / The Hive;https://www.vilacelta.com.br/?view=ecom/itens&tcg=1&txt_edicao=316,https://www.vilacelta.com.br/?view=ecom/item&tcg=1&card=13207;Limited Edition Beta;;;;;;
CED_274;A Colméia / The Hive;https://www.vilacelta.com.br/?view=ecom/itens&tcg=1&txt_edicao=318,https://www.vilacelta.com.br/?view=ecom/item&tcg=1&card=13207;Collector's Edition;;;;;;
CEDI_274;A Colméia / The Hive;https://www.vilacelta.com.br/?view=ecom/itens&tcg=1&txt_edicao=319,https://www.vilacelta.com.br/?view=ecom/item&tcg=1&card=13207;International Collectors' Edition;;;;;;
4EB_310;A Colméia / The Hive;https://www.vilacelta.com.br/?view=ecom/itens&tcg=1&txt_edicao=338,https://www.vilacelta.com.br/?view=ecom/item&tcg=1&card=13207;Quarta Edicao (BB);;;;;;
RVB_277;A Colméia / The Hive;https://www.vilacelta.com.br/?view=ecom/itens&tcg=1&txt_edicao=351,https://www.vilacelta.com.br/?view=ecom/item&tcg=1&card=13207;Revised Edition (BB);;;;;;
SUMMER_277;A Colméia / The Hive;https://www.vilacelta.com.br/?view=ecom/itens&tcg=1&txt_edicao=377652,https://www.vilacelta.com.br/?view=ecom/item&tcg=1&card=13207;Revised Edition (Summer Magic Edgar);;;;;;
RF30A_540;A Colméia / The Hive;https://www.vilacelta.com.br/?view=ecom/itens&tcg=1&txt_edicao=480115,https://www.vilacelta.com.br/?view=ecom/item&tcg=1&card=13207;30th Anniversary Edition (Retro Frame);;;;;;
MB1_431;A Conjectura do Mirari / The Mirari Conjecture;https://www.vilacelta.com.br/?view=ecom/itens&tcg=1&txt_edicao=479791,https://www.vilacelta.com.br/?view=ecom/item&tcg=1&card=49107;Mystery Booster;;2;1,75;PT/EN   [Português / Inglês];NM   [Praticamente Nova];
TCLB_T20T20B;;https://www.vilacelta.com.br/?view=ecom/admin/stats/bestsellers&tcg=1&search_extras=0&page=4&position=341&search_period=1&search_date=11/03/2024#341,https://www.vilacelta.com.br/?view=ecom/itens&tcg=1&txt_edicao=479959,https://www.vilacelta.com.br/?view=ecom/item&tcg=1&card=64407;Commander Legends: Batalha por Portal de Baldur (Tokens);;13;0,75;PT/EN   [Português / Inglês];NM   [Praticamente Nova];
ARC_159;A Display of My Dark Power;https://www.vilacelta.com.br/?view=ecom/itens&tcg=1&txt_edicao=252,https://www.vilacelta.com.br/?view=ecom/item&tcg=1&card=40213;Archenemy;;;;;;
PLIST_884;A Emenda de Dominária / The Mending of Dominaria;https://www.vilacelta.com.br/?view=ecom/itens&tcg=1&txt_edicao=479828,https://www.vilacelta.com.br/?view=ecom/item&tcg=1&card=49463;The List;;;;;;
NEO_162;A Era dos Estados Despedaçados / The Shattered States Era;https://www.vilacelta.com.br/?view=ecom/itens&tcg=1&txt_edicao=479888,https://www.vilacelta.com.br/?view=ecom/item&tcg=1&card=62599;Kamigawa: Dinastia Neon;;33;0,35;PT/EN   [Português / Inglês];NM   [Praticamente Nova];
NEO_162;A Era dos Estados Despedaçados / The Shattered States Era;https://www.vilacelta.com.br/?view=ecom/itens&tcg=1&txt_edicao=479888,https://www.vilacelta.com.br/?view=ecom/item&tcg=1&card=62599;Kamigawa: Dinastia Neon;;10;0,35;JP      [Japonês];NM   [Praticamente Nova];
NEO_66;A Era Moderna / The Modern Age;https://www.vilacelta.com.br/?view=ecom/itens&tcg=1&txt_edicao=479888,https://www.vilacelta.com.br/?view=ecom/item&tcg=1&card=62589;Kamigawa: Dinastia Neon;;;2,50;PT/EN   [Português / Inglês];NM   [Praticamente Nova];
NEO_66;A Era Moderna / The Modern Age;https://www.vilacelta.com.br/?view=ecom/itens&tcg=1&txt_edicao=479888,https://www.vilacelta.com.br/?view=ecom/item&tcg=1&card=62589;Kamigawa: Dinastia Neon;;;1,95;JP      [Japonês];NM   [Praticamente Nova];
NEO_66;A Era Moderna / The Modern Age;https://www.vilacelta.com.br/?view=ecom/itens&tcg=1&txt_edicao=479888,https://www.vilacelta.com.br/?view=ecom/item&tcg=1&card=62589;Kamigawa: Dinastia Neon;;;7,95;JP      [Japonês];NM   [Praticamente Nova];Foil
WARJP_37;A Errante / The Wanderer;https://www.vilacelta.com.br/?view=ecom/itens&tcg=1&txt_edicao=479764,https://www.vilacelta.com.br/?view=ecom/item&tcg=1&card=53333;A Guerra da Centelha (Japones);;;9,90;JP      [Japonês];NM   [Praticamente Nova];
PLIST_658;A Errante / The Wanderer;https://www.vilacelta.com.br/?view=ecom/itens&tcg=1&txt_edicao=479828,https://www.vilacelta.com.br/?view=ecom/item&tcg=1&card=53333;The List;;;;;;
SLDEX03_505;A Errante / The Wanderer;https://www.vilacelta.com.br/?view=ecom/itens&tcg=1&txt_edicao=480086,https://www.vilacelta.com.br/?view=ecom/item&tcg=1&card=53333;Secret Lair Drop Series: Stained-Glass Planeswalkers;;;;;;
BMONE_335;A Errante Eterna / The Eternal Wanderer;https://www.vilacelta.com.br/?view=ecom/itens&tcg=1&txt_edicao=480160,https://www.vilacelta.com.br/?view=ecom/item&tcg=1&card=67588;Phyrexia: Tudo sera um (Borderless Manga);;;24,90;PT/EN   [Português / Inglês];NM   [Praticamente Nova];
SMONE_422;A Errante Eterna / The Eternal Wanderer;https://www.vilacelta.com.br/?view=ecom/itens&tcg=1&txt_edicao=480171,https://www.vilacelta.com.br/?view=ecom/item&tcg=1&card=67588;Phyrexia: Tudo sera um (Step-and-Compleat Borderless Manga);;;;;;
ASONE_3;A Errante Eterna (Art Card com Assinatura) / The Eternal Wanderer (Art Card with Signature);https://www.vilacelta.com.br/?view=ecom/itens&tcg=1&txt_edicao=480172,https://www.vilacelta.com.br/?view=ecom/item&tcg=1&card=67962;Phyrexia: Tudo sera um (Art Series);;;;;;
ASONE_3;A Errante Eterna (Art Card) / The Eternal Wanderer (Art Card);https://www.vilacelta.com.br/?view=ecom/itens&tcg=1&txt_edicao=480172,https://www.vilacelta.com.br/?view=ecom/item&tcg=1&card=68040;Phyrexia: Tudo sera um (Art Series);;;;;;
EXONE_401;A Fachada Monumental / The Monumental Facade;https://www.vilacelta.com.br/?view=ecom/itens&tcg=1&txt_edicao=480164,https://www.vilacelta.com.br/?view=ecom/item&tcg=1&card=67627;Phyrexia: Tudo sera um (Extended Art);;;;;;
LCI_56;A Fonte Inesgotável / The Everflowing Well;https://www.vilacelta.com.br/?view=ecom/itens&tcg=1&txt_edicao=480326,https://www.vilacelta.com.br/?view=ecom/item&tcg=1&card=71324;As Cavernas Perdidas de Ixalan;;;;;;
EALCI_363;A Fonte Inesgotável / The Everflowing Well;https://www.vilacelta.com.br/?view=ecom/itens&tcg=1&txt_edicao=480358,https://www.vilacelta.com.br/?view=ecom/item&tcg=1&card=71324;As Cavernas Perdidas de Ixalan (Extended Art);;;;;;
PLIST_766;A Forja da Espada de Tyrita / Forging the Tyrite Sword;https://www.vilacelta.com.br/?view=ecom/itens&tcg=1&txt_edicao=479828,https://www.vilacelta.com.br/?view=ecom/item&tcg=1&card=58839;The List;;;0,75;PT/EN   [Português / Inglês];NM   [Praticamente Nova];
GFUNF_298;A Good Day to Pie;https://www.vilacelta.com.br/?view=ecom/itens&tcg=1&txt_edicao=480093,https://www.vilacelta.com.br/?view=ecom/item&tcg=1&card=66450;Unfinity (Galaxy Foil);;;;;;
CMB1_121;A Good Thing;https://www.vilacelta.com.br/?view=ecom/itens&tcg=1&txt_edicao=479783,https://www.vilacelta.com.br/?view=ecom/item&tcg=1&card=55596;Mystery Booster Playtest Cards;;;;;;
PLIST_1148;A Grande Aurora / The Great Aurora;https://www.vilacelta.com.br/?view=ecom/itens&tcg=1&txt_edicao=479828,https://www.vilacelta.com.br/?view=ecom/item&tcg=1&card=31815;The List;;;;;;
PCH_O14;A Grande Floresta / The Great Forest;https://www.vilacelta.com.br/?view=ecom/itens&tcg=1&txt_edicao=256,https://www.vilacelta.com.br/?view=ecom/item&tcg=1&card=40085;Planechase;;;;;;
PCA_O032;A Grande Floresta / The Great Forest;https://www.vilacelta.com.br/?view=ecom/itens&tcg=1&txt_edicao=120197,https://www.vilacelta.com.br/?view=ecom/item&tcg=1&card=40085;Planechase Anthology;;;;;;
LMOC_144;A Grande Floresta / The Great Forest;https://www.vilacelta.com.br/?view=ecom/itens&tcg=1&txt_edicao=480201,https://www.vilacelta.com.br/?view=ecom/item&tcg=1&card=40085;Marcha das Maquinas: Commander (Planes);;;;;;
PLIST_1010;A Guerra das Antiguidades / The Antiquities War;https://www.vilacelta.com.br/?view=ecom/itens&tcg=1&txt_edicao=479828,https://www.vilacelta.com.br/?view=ecom/item&tcg=1&card=49106;The List;;;;;;
NEO_227;A Guerra dos Kami / The Kami War;https://www.vilacelta.com.br/?view=ecom/itens&tcg=1&txt_edicao=479888,https://www.vilacelta.com.br/?view=ecom/item&tcg=1&card=62605;Kamigawa: Dinastia Neon;;;19,90;PT/EN   [Português / Inglês];NM   [Praticamente Nova];
VNEO_362;A Guerra dos Kami / The Kami War;https://www.vilacelta.com.br/?view=ecom/itens&tcg=1&txt_edicao=479889,https://www.vilacelta.com.br/?view=ecom/item&tcg=1&card=62605;Kamigawa: Dinastia Neon (Variantes);;;;;;
VNEO_489;A Guerra dos Kami (#489) / The Kami War (#489);https://www.vilacelta.com.br/?view=ecom/itens&tcg=1&txt_edicao=479889,https://www.vilacelta.com.br/?view=ecom/item&tcg=1&card=62640;Kamigawa: Dinastia Neon (Variantes);;;;;;
PWCS_22-09-01;A Imperatriz Errante / The Wandering Emperor;https://www.vilacelta.com.br/?view=ecom/itens&tcg=1&txt_edicao=480230,https://www.vilacelta.com.br/?view=ecom/item&tcg=1&card=62568;Planeswalker Championship Promos;;;;;;
VNEO_303;A Imperatriz Errante (#303) / The Wandering Emperor (#303);https://www.vilacelta.com.br/?view=ecom/itens&tcg=1&txt_edicao=479889,https://www.vilacelta.com.br/?view=ecom/item&tcg=1&card=62662;Kamigawa: Dinastia Neon (Variantes);;;;;;
VNEO_316;A Imperatriz Errante (#316) / The Wandering Emperor (#316);https://www.vilacelta.com.br/?view=ecom/itens&tcg=1&txt_edicao=479889,https://www.vilacelta.com.br/?view=ecom/item&tcg=1&card=62643;Kamigawa: Dinastia Neon (Variantes);;;1,40;PT/EN   [Português / Inglês];NM   [Praticamente Nova];Foil
VNEO_418;A Imperatriz Errante (#418) / The Wandering Emperor (#418);https://www.vilacelta.com.br/?view=ecom/itens&tcg=1&txt_edicao=479889,https://www.vilacelta.com.br/?view=ecom/item&tcg=1&card=63189;Kamigawa: Dinastia Neon (Variantes);;;;;;
ASNEO_49;A Imperatriz Errante (#49) (Art Card com Assinatura) / The Wandering Emperor (#49) (Art Card with Signature);https://www.vilacelta.com.br/?view=ecom/itens&tcg=1&txt_edicao=479891,https://www.vilacelta.com.br/?view=ecom/item&tcg=1&card=63127;Kamigawa: Dinastia Neon (Art Series);;;;;;
ASNEO_49;A Imperatriz Errante (#49) (Art Card) / The Wandering Emperor (#49) (Art Card);https://www.vilacelta.com.br/?view=ecom/itens&tcg=1&txt_edicao=479891,https://www.vilacelta.com.br/?view=ecom/item&tcg=1&card=63047;Kamigawa: Dinastia Neon (Art Series);;;;;;
ASNEO_50;A Imperatriz Errante (#50) (Art Card com Assinatura) / The Wandering Emperor (#50) (Art Card with Signature);https://www.vilacelta.com.br/?view=ecom/itens&tcg=1&txt_edicao=479891,https://www.vilacelta.com.br/?view=ecom/item&tcg=1&card=63128;Kamigawa: Dinastia Neon (Art Series);;;;;;
ASNEO_50;A Imperatriz Errante (#50) (Art Card) / The Wandering Emperor (#50) (Art Card);https://www.vilacelta.com.br/?view=ecom/itens&tcg=1&txt_edicao=479891,https://www.vilacelta.com.br/?view=ecom/item&tcg=1&card=63048;Kamigawa: Dinastia Neon (Art Series);;;;;;
ON_265;A Indiferente / Heedless One;https://www.vilacelta.com.br/?view=ecom/itens&tcg=1&txt_edicao=205,https://www.vilacelta.com.br/?view=ecom/item&tcg=1&card=7097;Investida;;;5,50;PT/EN   [Português / Inglês];SP   [Usada Levemente];
HACHETTE_99;A Indiferente / Heedless One;https://www.vilacelta.com.br/?view=ecom/itens&tcg=1&txt_edicao=340,https://www.vilacelta.com.br/?view=ecom/item&tcg=1&card=7097;Hachette Encyclopedia Inserts;;;;;;
SALVAT_99;A Indiferente / Heedless One;https://www.vilacelta.com.br/?view=ecom/itens&tcg=1&txt_edicao=352,https://www.vilacelta.com.br/?view=ecom/item&tcg=1&card=7097;Hachette Encyclopedia Inserts;;;;;;
DDAEVG_7;A Indiferente / Heedless One;https://www.vilacelta.com.br/?view=ecom/itens&tcg=1&txt_edicao=43492,https://www.vilacelta.com.br/?view=ecom/item&tcg=1&card=7097;Duel Decks Anthology: Elves vs. Goblins;;;7,50;PT/EN   [Português / Inglês];MP   [Usada Moderadamente];
DDAEVG_7;A Indiferente / Heedless One;https://www.vilacelta.com.br/?view=ecom/itens&tcg=1&txt_edicao=43492,https://www.vilacelta.com.br/?view=ecom/item&tcg=1&card=7097;Duel Decks Anthology: Elves vs. Goblins;;2;8,04;PT/EN   [Português / Inglês];NM   [Praticamente Nova];
LCI_55;;https://www.vilacelta.com.br/?view=ecom/admin/stats/bestsellers&tcg=1&search_extras=0&page=4&position=323&search_period=1&search_date=11/03/2024#323,https://www.vilacelta.com.br/?view=ecom/itens&tcg=1&txt_edicao=480326,https://www.vilacelta.com.br/?view=ecom/item&tcg=1&card=71323;As Cavernas Perdidas de Ixalan;;;;;;
EALCI_362;A Joia do Enigma / The Enigma Jewel;https://www.vilacelta.com.br/?view=ecom/itens&tcg=1&txt_edicao=480358,https://www.vilacelta.com.br/?view=ecom/item&tcg=1&card=71323;As Cavernas Perdidas de Ixalan (Extended Art);;;;;;
LMOC_70;A Nuvem Ocidental / The Western Cloud;https://www.vilacelta.com.br/?view=ecom/itens&tcg=1&txt_edicao=480201,https://www.vilacelta.com.br/?view=ecom/item&tcg=1&card=68595;Marcha das Maquinas: Commander (Planes);;;;;;
DK_36;A Pedra Fellwar / Fellwar Stone;https://www.vilacelta.com.br/?view=ecom/itens&tcg=1&txt_edicao=225,https://www.vilacelta.com.br/?view=ecom/item&tcg=1&card=11614;The Dark;;;;;;
9E_297;A Pedra Fellwar / Fellwar Stone;https://www.vilacelta.com.br/?view=ecom/itens&tcg=1&txt_edicao=233,https://www.vilacelta.com.br/?view=ecom/item&tcg=1&card=11614;Nona Edicao - Kit Basico;;;;;;
4E_115;A Pedra Fellwar / Fellwar Stone;https://www.vilacelta.com.br/?view=ecom/itens&tcg=1&txt_edicao=236,https://www.vilacelta.com.br/?view=ecom/item&tcg=1&card=11614;Quarta Edicao;;;11,90;PT/EN   [Português / Inglês];MP   [Usada Moderadamente];
5E_135;A Pedra Fellwar / Fellwar Stone;https://www.vilacelta.com.br/?view=ecom/itens&tcg=1&txt_edicao=312,https://www.vilacelta.com.br/?view=ecom/item&tcg=1&card=11614;Quinta Edicao;;;11,95;PT/EN   [Português / Inglês];SP   [Usada Levemente];
5E_135;A Pedra Fellwar / Fellwar Stone;https://www.vilacelta.com.br/?view=ecom/itens&tcg=1&txt_edicao=312,https://www.vilacelta.com.br/?view=ecom/item&tcg=1&card=11614;Quinta Edicao;;;8,95;PT/EN   [Português / Inglês];HP   [Muito Usada];
4EB_115;A Pedra Fellwar / Fellwar Stone;https://www.vilacelta.com.br/?view=ecom/itens&tcg=1&txt_edicao=338,https://www.vilacelta.com.br/?view=ecom/item&tcg=1&card=11614;Quarta Edicao (BB);;;;;;
RE_43;A Pedra Fellwar / Fellwar Stone;https://www.vilacelta.com.br/?view=ecom/itens&tcg=1&txt_edicao=349,https://www.vilacelta.com.br/?view=ecom/item&tcg=1&card=11614;Renaissance;;;;;;
PTD_19960;A Pedra Fellwar / Fellwar Stone;https://www.vilacelta.com.br/?view=ecom/itens&tcg=1&txt_edicao=440840,https://www.vilacelta.com.br/?view=ecom/item&tcg=1&card=11614;Pro Tour Decks;;;;;;
PLIST_255;A Pedra Fellwar / Fellwar Stone;https://www.vilacelta.com.br/?view=ecom/itens&tcg=1&txt_edicao=479828,https://www.vilacelta.com.br/?view=ecom/item&tcg=1&card=11614;The List;;;8,95;PT/EN   [Português / Inglês];NM   [Praticamente Nova];
SLD121_708;A Pedra Fellwar / Fellwar Stone;https://www.vilacelta.com.br/?view=ecom/itens&tcg=1&txt_edicao=480058,https://www.vilacelta.com.br/?view=ecom/item&tcg=1&card=11614;Secret Lair Drop Series: Dan Frazier Is Back Again: The Enemy Talismans;;1;119,90;PT/EN   [Português / Inglês];NM   [Praticamente Nova];Foil
SLC169_91;A Pedra Fellwar / Fellwar Stone;https://www.vilacelta.com.br/?view=ecom/itens&tcg=1&txt_edicao=480245,https://www.vilacelta.com.br/?view=ecom/item&tcg=1&card=11614;Secret Lair Commander: From Cute to Brute;;;;;;
BCMM_657;A Pedra Fellwar / Fellwar Stone;https://www.vilacelta.com.br/?view=ecom/itens&tcg=1&txt_edicao=480264,https://www.vilacelta.com.br/?view=ecom/item&tcg=1&card=11614;Commander Masters (Borderless);;;;;;
PTD_19960861;A Pedra Fellwar (BL-96) / Fellwar Stone (BL-96);https://www.vilacelta.com.br/?view=ecom/itens&tcg=1&txt_edicao=440840,https://www.vilacelta.com.br/?view=ecom/item&tcg=1&card=65636;Pro Tour Decks;;;;;;
PTD_19960905;A Pedra Fellwar (ET-96) / Fellwar Stone (ET-96);https://www.vilacelta.com.br/?view=ecom/itens&tcg=1&txt_edicao=440840,https://www.vilacelta.com.br/?view=ecom/item&tcg=1&card=65681;Pro Tour Decks;;;;;;
PTD_19961010;A Pedra Fellwar (MJ-96) / Fellwar Stone (MJ-96);https://www.vilacelta.com.br/?view=ecom/itens&tcg=1&txt_edicao=440840,https://www.vilacelta.com.br/?view=ecom/item&tcg=1&card=65787;Pro Tour Decks;;;;;;
PTD_19961089;A Pedra Fellwar (PP-96) / Fellwar Stone (PP-96);https://www.vilacelta.com.br/?view=ecom/itens&tcg=1&txt_edicao=440840,https://www.vilacelta.com.br/?view=ecom/item&tcg=1&card=65868;Pro Tour Decks;;;;;;
PTD_19961090;A Pedra Fellwar-SB (PP-96) / Fellwar Stone-SB (PP-96);https://www.vilacelta.com.br/?view=ecom/itens&tcg=1&txt_edicao=440840,https://www.vilacelta.com.br/?view=ecom/item&tcg=1&card=65869;Pro Tour Decks;;;;;;
MFMKM_304;A Perseguição Começou / The Chase Is On;https://www.vilacelta.com.br/?view=ecom/itens&tcg=1&txt_edicao=480393,https://www.vilacelta.com.br/?view=ecom/item&tcg=1&card=72780;Assassinato na Mansao Karlov (Magnified);;2;1,75;PT/EN   [Português / Inglês];NM   [Praticamente Nova];Foil
MFMKM_304;A Perseguição Começou / The Chase Is On;https://www.vilacelta.com.br/?view=ecom/itens&tcg=1&txt_edicao=480393,https://www.vilacelta.com.br/?view=ecom/item&tcg=1&card=72780;Assassinato na Mansao Karlov (Magnified);;11;0,75;PT/EN   [Português / Inglês];NM   [Praticamente Nova];
VDMC_80;A Plataforma de Mana / The Mana Rig;https://www.vilacelta.com.br/?view=ecom/itens&tcg=1&txt_edicao=480033,https://www.vilacelta.com.br/?view=ecom/item&tcg=1&card=65356;Dominaria Unida Commander (Variants);;1;29,90;PT/EN   [Português / Inglês];NM   [Praticamente Nova];
ASKHM_64;A Ponte Prismática (Art Card com Assinatura) / The Prismatic Bridge (Art Card with Signature);https://www.vilacelta.com.br/?view=ecom/itens&tcg=1&txt_edicao=480257,https://www.vilacelta.com.br/?view=ecom/item&tcg=1&card=69607;Kaldheim (Art Series);;;;;;
ASKHM_64;A Ponte Prismática (Art Card) / The Prismatic Bridge (Art Card);https://www.vilacelta.com.br/?view=ecom/itens&tcg=1&txt_edicao=480257,https://www.vilacelta.com.br/?view=ecom/item&tcg=1&card=59182;Kaldheim (Art Series);;;;;;
ASBRO_20;A Queda de Kroog (Art Card com Assinatura) / The Fall of Kroog (Art Card with Signature);https://www.vilacelta.com.br/?view=ecom/itens&tcg=1&txt_edicao=480041,https://www.vilacelta.com.br/?view=ecom/item&tcg=1&card=67236;A Guerra dos Irmaos (Art Series);;;;;;
ASBRO_20;A Queda de Kroog (Art Card) / The Fall of Kroog (Art Card);https://www.vilacelta.com.br/?view=ecom/itens&tcg=1&txt_edicao=480041,https://www.vilacelta.com.br/?view=ecom/item&tcg=1&card=67314;A Guerra dos Irmaos (Art Series);;;;;;
NEO_12;;https://www.vilacelta.com.br/?view=ecom/admin/stats/bestsellers&tcg=1&search_extras=2&page=10&position=910&search_period=1&search_date=11/03/2024#910,https://www.vilacelta.com.br/?view=ecom/itens&tcg=1&txt_edicao=479888,https://www.vilacelta.com.br/?view=ecom/item&tcg=1&card=62736;Kamigawa: Dinastia Neon;;1;1,75;PT/EN   [Português / Inglês];NM   [Praticamente Nova];Foil
NEO_12;;https://www.vilacelta.com.br/?view=ecom/admin/stats/bestsellers&tcg=1&search_extras=2&page=10&position=910&search_period=1&search_date=11/03/2024#910,https://www.vilacelta.com.br/?view=ecom/itens&tcg=1&txt_edicao=479888,https://www.vilacelta.com.br/?view=ecom/item&tcg=1&card=62736;Kamigawa: Dinastia Neon;;1;1,75;JP      [Japonês];NM   [Praticamente Nova];Foil
NEO_12;A Queda do Senhor Konda / The Fall of Lord Konda;https://www.vilacelta.com.br/?view=ecom/itens&tcg=1&txt_edicao=479888,https://www.vilacelta.com.br/?view=ecom/item&tcg=1&card=62736;Kamigawa: Dinastia Neon;;5;0,75;JP      [Japonês];NM   [Praticamente Nova];
NEO_12;A Queda do Senhor Konda / The Fall of Lord Konda;https://www.vilacelta.com.br/?view=ecom/itens&tcg=1&txt_edicao=479888,https://www.vilacelta.com.br/?view=ecom/item&tcg=1&card=62736;Kamigawa: Dinastia Neon;;22;0,75;PT/EN   [Português / Inglês];NM   [Praticamente Nova];
GFUNF_373;A Real Handful;https://www.vilacelta.com.br/?view=ecom/itens&tcg=1&txt_edicao=480093,https://www.vilacelta.com.br/?view=ecom/item&tcg=1&card=66219;Unfinity (Galaxy Foil);;;;;;
E01_O016;A Reckoning Approaches;https://www.vilacelta.com.br/?view=ecom/itens&tcg=1&txt_edicao=176755,https://www.vilacelta.com.br/?view=ecom/item&tcg=1&card=41951;Archenemy: Nicol Bolas;;;;;;
NEO_34;A Restauração de Eiganjo / The Restoration of Eiganjo;https://www.vilacelta.com.br/?view=ecom/itens&tcg=1&txt_edicao=479888,https://www.vilacelta.com.br/?view=ecom/item&tcg=1&card=62738;Kamigawa: Dinastia Neon;;;7,95;PT/EN   [Português / Inglês];NM   [Praticamente Nova];
NEO_34;A Restauração de Eiganjo / The Restoration of Eiganjo;https://www.vilacelta.com.br/?view=ecom/itens&tcg=1&txt_edicao=479888,https://www.vilacelta.com.br/?view=ecom/item&tcg=1&card=62738;Kamigawa: Dinastia Neon;;;8,95;PT/EN   [Português / Inglês];NM   [Praticamente Nova];Foil
NEO_34;A Restauração de Eiganjo / The Restoration of Eiganjo;https://www.vilacelta.com.br/?view=ecom/itens&tcg=1&txt_edicao=479888,https://www.vilacelta.com.br/?view=ecom/item&tcg=1&card=62738;Kamigawa: Dinastia Neon;;;7,95;JP      [Japonês];NM   [Praticamente Nova];
NEO_34;A Restauração de Eiganjo / The Restoration of Eiganjo;https://www.vilacelta.com.br/?view=ecom/itens&tcg=1&txt_edicao=479888,https://www.vilacelta.com.br/?view=ecom/item&tcg=1&card=62738;Kamigawa: Dinastia Neon;;1;9,95;JP      [Japonês];NM   [Praticamente Nova];Foil
VNEO_442;A Restauração de Eiganjo / The Restoration of Eiganjo;https://www.vilacelta.com.br/?view=ecom/itens&tcg=1&txt_edicao=479889,https://www.vilacelta.com.br/?view=ecom/item&tcg=1&card=62738;Kamigawa: Dinastia Neon (Variantes);;;;;;
VNEO_354;A Restauração de Eiganjo (#354) / The Restoration of Eiganjo (#354);https://www.vilacelta.com.br/?view=ecom/itens&tcg=1&txt_edicao=479889,https://www.vilacelta.com.br/?view=ecom/item&tcg=1&card=62748;Kamigawa: Dinastia Neon (Variantes);;;;;;
EXWOE_368;A Rochaferro / The Irencrag;https://www.vilacelta.com.br/?view=ecom/itens&tcg=1&txt_edicao=480295,https://www.vilacelta.com.br/?view=ecom/item&tcg=1&card=70480;Terras Selvagens de Eldraine (Extended Art);;;;;;
ASWOE_44;A Rochaferro (Art Card com Assinatura) / The Irencrag (Art Card with Signature);https://www.vilacelta.com.br/?view=ecom/itens&tcg=1&txt_edicao=480298,https://www.vilacelta.com.br/?view=ecom/item&tcg=1&card=70677;Terras Selvagens de Eldraine (Art Series);;;;;;
ASWOE_44;A Rochaferro (Art Card) / The Irencrag (Art Card);https://www.vilacelta.com.br/?view=ecom/itens&tcg=1&txt_edicao=480298,https://www.vilacelta.com.br/?view=ecom/item&tcg=1&card=70757;Terras Selvagens de Eldraine (Art Series);;;;;;
CELD_336;A Roda da Lealdade / The Circle of Loyalty;https://www.vilacelta.com.br/?view=ecom/itens&tcg=1&txt_edicao=479774,https://www.vilacelta.com.br/?view=ecom/item&tcg=1&card=54952;Trono de Eldraine (Variantes);;;;;;
TONE_T09;A Sentinela Oca 3/3 / The Hollow Sentinel 3/3;https://www.vilacelta.com.br/?view=ecom/itens&tcg=1&txt_edicao=480165,https://www.vilacelta.com.br/?view=ecom/item&tcg=1&card=67951;Phyrexia: Tudo sera um (Tokens);;4;1,00;PT/EN   [Português / Inglês];NM   [Praticamente Nova];
TONE_T09T11;A Sentinela Oca 3/3 // Phyrexiano Ácaro 1/1 (#11) / The Hollow Sentinel 3/3 // Phyrexian Mite 1/1 (#11);https://www.vilacelta.com.br/?view=ecom/itens&tcg=1&txt_edicao=480165,https://www.vilacelta.com.br/?view=ecom/item&tcg=1&card=68140;Phyrexia: Tudo sera um (Tokens);;;;;;
TONE_T09T12;A Sentinela Oca 3/3 // Phyrexiano Ácaro 1/1 (#12) / The Hollow Sentinel 3/3 // Phyrexian Mite 1/1 (#12);https://www.vilacelta.com.br/?view=ecom/itens&tcg=1&txt_edicao=480165,https://www.vilacelta.com.br/?view=ecom/item&tcg=1&card=69669;Phyrexia: Tudo sera um (Tokens);;;;;;
HL_53;A Sombra de Ihsan / Ihsan's Shade;https://www.vilacelta.com.br/?view=ecom/itens&tcg=1&txt_edicao=223,https://www.vilacelta.com.br/?view=ecom/item&tcg=1&card=11204;Terras Natais;;;;;;
AT_10;A Sombra de Ihsan / Ihsan's Shade;https://www.vilacelta.com.br/?view=ecom/itens&tcg=1&txt_edicao=269,https://www.vilacelta.com.br/?view=ecom/item&tcg=1&card=11204;Anthologies;;;;;;
PTD_19960;A Sombra de Ihsan / Ihsan's Shade;https://www.vilacelta.com.br/?view=ecom/itens&tcg=1&txt_edicao=440840,https://www.vilacelta.com.br/?view=ecom/item&tcg=1&card=11204;Pro Tour Decks;;;;;;
PLIST_1102;A Sombra de Ihsan / Ihsan's Shade;https://www.vilacelta.com.br/?view=ecom/itens&tcg=1&txt_edicao=479828,https://www.vilacelta.com.br/?view=ecom/item&tcg=1&card=11204;The List;;;;;;
PTD_19960926;A Sombra de Ihsan (GB-96) / Ihsan's Shade (GB-96);https://www.vilacelta.com.br/?view=ecom/itens&tcg=1&txt_edicao=440840,https://www.vilacelta.com.br/?view=ecom/item&tcg=1&card=65702;Pro Tour Decks;;;;;;
PTD_19960927;A Sombra de Ihsan-SB (GB-96) / Ihsan's Shade-SB (GB-96);https://www.vilacelta.com.br/?view=ecom/itens&tcg=1&txt_edicao=440840,https://www.vilacelta.com.br/?view=ecom/item&tcg=1&card=65703;Pro Tour Decks;;;;;;
TCFX_RT03;A Threat to Alara: Nicol Bolas (#03);https://www.vilacelta.com.br/?view=ecom/itens&tcg=1&txt_edicao=480281,https://www.vilacelta.com.br/?view=ecom/item&tcg=1&card=69861;Confluencia (Tokens);;;;;;
IN_40;A União faz a Força / Strength of Unity;https://www.vilacelta.com.br/?view=ecom/itens&tcg=1&txt_edicao=315,https://www.vilacelta.com.br/?view=ecom/item&tcg=1&card=8152;Invasao;;1;0,53;PT/EN   [Português / Inglês];NM   [Praticamente Nova];
IN_40;A União faz a Força / Strength of Unity;https://www.vilacelta.com.br/?view=ecom/itens&tcg=1&txt_edicao=315,https://www.vilacelta.com.br/?view=ecom/item&tcg=1&card=8152;Invasao;;4;0,42;PT/EN   [Português / Inglês];SP   [Usada Levemente];
IN_40;A União faz a Força / Strength of Unity;https://www.vilacelta.com.br/?view=ecom/itens&tcg=1&txt_edicao=315,https://www.vilacelta.com.br/?view=ecom/item&tcg=1&card=8152;Invasao;;4;0,27;PT/EN   [Português / Inglês];MP   [Usada Moderadamente];
EREX_31;A Vida Acha um Jeito / Life Finds a Way;https://www.vilacelta.com.br/?view=ecom/itens&tcg=1&txt_edicao=480366,https://www.vilacelta.com.br/?view=ecom/item&tcg=1&card=71329;Jurassic World Collection (Emblem);;;;;;
NEO_108;;https://www.vilacelta.com.br/?view=ecom/admin/stats/bestsellers&tcg=1&search_extras=0&page=7&position=643&search_period=1&search_date=11/03/2024#643,https://www.vilacelta.com.br/?view=ecom/itens&tcg=1&txt_edicao=479888,https://www.vilacelta.com.br/?view=ecom/item&tcg=1&card=62603;Kamigawa: Dinastia Neon;;6;0,95;JP      [Japonês];NM   [Praticamente Nova];
NEO_108;;https://www.vilacelta.com.br/?view=ecom/admin/stats/bestsellers&tcg=1&search_extras=0&page=7&position=643&search_period=1&search_date=11/03/2024#643,https://www.vilacelta.com.br/?view=ecom/itens&tcg=1&txt_edicao=479888,https://www.vilacelta.com.br/?view=ecom/item&tcg=1&card=62603;Kamigawa: Dinastia Neon;;25;0,95;PT/EN   [Português / Inglês];NM   [Praticamente Nova];
YCLB_1;A-Baba Lysaga, Night Witch;https://www.vilacelta.com.br/?view=ecom/itens&tcg=1&txt_edicao=479990,https://www.vilacelta.com.br/?view=ecom/item&tcg=1&card=64659;Alchemy Horizons: Portal de Baldur;;;;;;
YCLB_2;A-Earthquake Dragon;https://www.vilacelta.com.br/?view=ecom/itens&tcg=1&txt_edicao=479990,https://www.vilacelta.com.br/?view=ecom/item&tcg=1&card=64660;Alchemy Horizons: Portal de Baldur;;;;;;
YCLB_3;A-Minsc & Boo, Timeless Heroes;https://www.vilacelta.com.br/?view=ecom/itens&tcg=1&txt_edicao=479990,https://www.vilacelta.com.br/?view=ecom/item&tcg=1&card=64661;Alchemy Horizons: Portal de Baldur;;;;;;
YCLB_4;A-Monster Manual;https://www.vilacelta.com.br/?view=ecom/itens&tcg=1&txt_edicao=479990,https://www.vilacelta.com.br/?view=ecom/item&tcg=1&card=64662;Alchemy Horizons: Portal de Baldur;;;;;;
YCLB_5;A-Sepulcher Ghoul;https://www.vilacelta.com.br/?view=ecom/itens&tcg=1&txt_edicao=479990,https://www.vilacelta.com.br/?view=ecom/item&tcg=1&card=64663;Alchemy Horizons: Portal de Baldur;;;;;;
GFUNF_383;Aardwolf's Advantage;https://www.vilacelta.com.br/?view=ecom/itens&tcg=1&txt_edicao=480093,https://www.vilacelta.com.br/?view=ecom/item&tcg=1&card=66451;Unfinity (Galaxy Foil);;;;;;
40K_319;Abaddon the Despoiler (Display Commander);https://www.vilacelta.com.br/?view=ecom/itens&tcg=1&txt_edicao=479946,https://www.vilacelta.com.br/?view=ecom/item&tcg=1&card=66055;Warhammer 40.000;;;4,30;PT/EN   [Português / Inglês];NM   [Praticamente Nova];
SF40K_178;Abaddon the Despoiler (Display Commander);https://www.vilacelta.com.br/?view=ecom/itens&tcg=1&txt_edicao=480080,https://www.vilacelta.com.br/?view=ecom/item&tcg=1&card=66055;Warhammer 40.000 (Surge Foil);;;;;;
40K_171;;https://www.vilacelta.com.br/?view=ecom/admin/stats/bestsellers&tcg=1&search_extras=2&page=3&position=226&search_period=1&search_date=11/03/2024#226,https://www.vilacelta.com.br/?view=ecom/itens&tcg=1&txt_edicao=479946,https://www.vilacelta.com.br/?view=ecom/item&tcg=1&card=65936;Warhammer 40.000;;4;15,20;PT/EN   [Português / Inglês];NM   [Praticamente Nova];Foil
SF40K_2;Abaddon, o Despojador / Abaddon the Despoiler;https://www.vilacelta.com.br/?view=ecom/itens&tcg=1&txt_edicao=480080,https://www.vilacelta.com.br/?view=ecom/item&tcg=1&card=65936;Warhammer 40.000 (Surge Foil);;;;;;
PTC_198;Abade da Fortaleza Keral / Abbot of Keral Keep;https://www.vilacelta.com.br/?view=ecom/itens&tcg=1&txt_edicao=286,https://www.vilacelta.com.br/?view=ecom/item&tcg=1&card=31829;Prerelease Events;;;;;;
FE2X2_446;Abade da Fortaleza Keral / Abbot of Keral Keep;https://www.vilacelta.com.br/?view=ecom/itens&tcg=1&txt_edicao=479983,https://www.vilacelta.com.br/?view=ecom/item&tcg=1&card=31829;Double Masters 2022 (Foil Etched);;;;;;
HL_112;Abadia Aysen / Aysen Abbey;https://www.vilacelta.com.br/?view=ecom/itens&tcg=1&txt_edicao=223,https://www.vilacelta.com.br/?view=ecom/item&tcg=1&card=11325;Terras Natais;;;;;;
SOI_281;Abadia de Oestevale / Westvale Abbey;https://www.vilacelta.com.br/?view=ecom/itens&tcg=1&txt_edicao=79577,https://www.vilacelta.com.br/?view=ecom/item&tcg=1&card=35516;Sombras em Innistrad;;22;23,90;PT/EN   [Português / Inglês];NM   [Praticamente Nova];
SIR_275;Abadia de Oestevale / Westvale Abbey;https://www.vilacelta.com.br/?view=ecom/itens&tcg=1&txt_edicao=480197,https://www.vilacelta.com.br/?view=ecom/item&tcg=1&card=35516;Shadows over Innistrad: Remastered;;;;;;
SLD169_1159;Abadia de Oestevale / Westvale Abbey;https://www.vilacelta.com.br/?view=ecom/itens&tcg=1&txt_edicao=480229,https://www.vilacelta.com.br/?view=ecom/item&tcg=1&card=35516;Secret Lair Drop Series: From Cute to Brute;;;;;;
SLC169_1212;Abadia de Oestevale (Display Commander) / Westvale Abbey (Display Commander);https://www.vilacelta.com.br/?view=ecom/itens&tcg=1&txt_edicao=480245,https://www.vilacelta.com.br/?view=ecom/item&tcg=1&card=69503;Secret Lair Commander: From Cute to Brute;;;;;;
JU_101;Abafar / Swelter;https://www.vilacelta.com.br/?view=ecom/itens&tcg=1&txt_edicao=206,https://www.vilacelta.com.br/?view=ecom/item&tcg=1&card=7283;Julgamento;;;;;;
US_70;Abafar (Douse) / Douse;https://www.vilacelta.com.br/?view=ecom/itens&tcg=1&txt_edicao=216,https://www.vilacelta.com.br/?view=ecom/item&tcg=1&card=9588;A Saga de Urza;;;0,99;PT/EN   [Português / Inglês];MP   [Usada Moderadamente];
ON_271;Abala-Solo Krosano / Krosan Groundshaker;https://www.vilacelta.com.br/?view=ecom/itens&tcg=1&txt_edicao=205,https://www.vilacelta.com.br/?view=ecom/item&tcg=1&card=7103;Investida;;;;;;
CBKHM_297;Abala-terra / Quakebringer;https://www.vilacelta.com.br/?view=ecom/itens&tcg=1&txt_edicao=479835,https://www.vilacelta.com.br/?view=ecom/item&tcg=1&card=58853;Kaldheim (Variantes);;;12,90;PT      [Português];NM   [Praticamente Nova];
ASKHM_37;Abala-terra (Art Card com Assinatura) / Quakebringer (Art Card with Signature);https://www.vilacelta.com.br/?view=ecom/itens&tcg=1&txt_edicao=480257,https://www.vilacelta.com.br/?view=ecom/item&tcg=1&card=69581;Kaldheim (Art Series);;;;;;
ASKHM_37;Abala-terra (Art Card) / Quakebringer (Art Card);https://www.vilacelta.com.br/?view=ecom/itens&tcg=1&txt_edicao=480257,https://www.vilacelta.com.br/?view=ecom/item&tcg=1&card=59155;Kaldheim (Art Series);;;;;;
CIKO_341;Abalroador da Mata de Quartzo / Quartzwood Crasher;https://www.vilacelta.com.br/?view=ecom/itens&tcg=1&txt_edicao=479799,https://www.vilacelta.com.br/?view=ecom/item&tcg=1&card=56497;Ikoria: Terra de Colossos (Variantes);;;;;;
TP_1;Abandonar a Esperança / Abandon Hope;https://www.vilacelta.com.br/?view=ecom/itens&tcg=1&txt_edicao=219,https://www.vilacelta.com.br/?view=ecom/item&tcg=1&card=10155;Tempestade;;1;0,99;PT/EN   [Português / Inglês];SP   [Usada Levemente];
MB1_113;Abandonar o Mundano / Forsake the Worldly;https://www.vilacelta.com.br/?view=ecom/itens&tcg=1&txt_edicao=479791,https://www.vilacelta.com.br/?view=ecom/item&tcg=1&card=40855;Mystery Booster;;3;0,47;PT/EN   [Português / Inglês];NM   [Praticamente Nova];
BARVR_423;Abantesma da Cripta / Crypt Ghast;https://www.vilacelta.com.br/?view=ecom/itens&tcg=1&txt_edicao=480404,https://www.vilacelta.com.br/?view=ecom/item&tcg=1&card=26078;Ravnica Remasterizada (Borderless Anime);;;;;;
RFRVR_322;Abantesma da Cripta / Crypt Ghast;https://www.vilacelta.com.br/?view=ecom/itens&tcg=1&txt_edicao=480407,https://www.vilacelta.com.br/?view=ecom/item&tcg=1&card=26078;Ravnica Remasterizada (Moldura Retro);;;;;;
SRVR_322;Abantesma da Cripta / Crypt Ghast;https://www.vilacelta.com.br/?view=ecom/itens&tcg=1&txt_edicao=480408,https://www.vilacelta.com.br/?view=ecom/item&tcg=1&card=26078;Ravnica Remasterizada (Serialized);;;;;;
MB1_1348;Abater / Take Down;https://www.vilacelta.com.br/?view=ecom/itens&tcg=1&txt_edicao=479791,https://www.vilacelta.com.br/?view=ecom/item&tcg=1&card=37642;Mystery Booster;;5;0,39;PT/EN   [Português / Inglês];NM   [Praticamente Nova];
FECLB_471;Abdel Adrian, Protegido de Gorion / Abdel Adrian, Gorion's Ward;https://www.vilacelta.com.br/?view=ecom/itens&tcg=1&txt_edicao=479915,https://www.vilacelta.com.br/?view=ecom/item&tcg=1&card=64069;Commander Legends: Batalha por Portal de Baldur (Foil Etched);;2;3,86;PT/EN   [Português / Inglês];NM   [Praticamente Nova];Foil Especial / Foil Etched
RBCLB_375;Abdel Adrian, Protegido de Gorion / Abdel Adrian, Gorion's Ward;https://www.vilacelta.com.br/?view=ecom/itens&tcg=1&txt_edicao=479917,https://www.vilacelta.com.br/?view=ecom/item&tcg=1&card=64069;Commander Legends: Batalha por Portal de Baldur (Rulebook);;1;3,88;PT/EN   [Português / Inglês];NM   [Praticamente Nova];Foil
RBCLB_375;Abdel Adrian, Protegido de Gorion / Abdel Adrian, Gorion's Ward;https://www.vilacelta.com.br/?view=ecom/itens&tcg=1&txt_edicao=479917,https://www.vilacelta.com.br/?view=ecom/item&tcg=1&card=64069;Commander Legends: Batalha por Portal de Baldur (Rulebook);;5;1,42;PT/EN   [Português / Inglês];NM   [Praticamente Nova];
OD_139;Abdicação Forçada / Ghastly Demise;https://www.vilacelta.com.br/?view=ecom/itens&tcg=1&txt_edicao=208,https://www.vilacelta.com.br/?view=ecom/item&tcg=1&card=7607;Odisseia;;;2,81;PT/EN   [Português / Inglês];SP   [Usada Levemente];
WCD_20020122;Abdicação Forçada / Ghastly Demise;https://www.vilacelta.com.br/?view=ecom/itens&tcg=1&txt_edicao=440839,https://www.vilacelta.com.br/?view=ecom/item&tcg=1&card=7607;World Championship Decks;;;;;;
WCD_20040427;Abdicação Forçada-SB  (CR-02) / Ghastly Demise-SB (CR-02);https://www.vilacelta.com.br/?view=ecom/itens&tcg=1&txt_edicao=440839,https://www.vilacelta.com.br/?view=ecom/item&tcg=1&card=54879;World Championship Decks;;;;;;
WL_1;Abdução / Abduction;https://www.vilacelta.com.br/?view=ecom/itens&tcg=1&txt_edicao=220,https://www.vilacelta.com.br/?view=ecom/item&tcg=1&card=10534;Alisios;;;;;;
6E_55;Abdução / Abduction;https://www.vilacelta.com.br/?view=ecom/itens&tcg=1&txt_edicao=235,https://www.vilacelta.com.br/?view=ecom/item&tcg=1&card=10534;Sexta Edicao Classica;;;;;;
WCD_19970307;Abdução / Abduction;https://www.vilacelta.com.br/?view=ecom/itens&tcg=1&txt_edicao=440839,https://www.vilacelta.com.br/?view=ecom/item&tcg=1&card=10534;World Championship Decks;;;;;;
WCD_20040428;Abdução (PM-97) / Abduction (PM-97);https://www.vilacelta.com.br/?view=ecom/itens&tcg=1&txt_edicao=440839,https://www.vilacelta.com.br/?view=ecom/item&tcg=1&card=54880;World Championship Decks;;;;;;
LG_148;Abelhas Assassinas / Killer Bees;https://www.vilacelta.com.br/?view=ecom/itens&tcg=1&txt_edicao=226,https://www.vilacelta.com.br/?view=ecom/item&tcg=1&card=11740;Legends;;;;;;
4E_178;Abelhas Assassinas / Killer Bees;https://www.vilacelta.com.br/?view=ecom/itens&tcg=1&txt_edicao=236,https://www.vilacelta.com.br/?view=ecom/item&tcg=1&card=11740;Quarta Edicao;;;;;;
5E_225;Abelhas Assassinas / Killer Bees;https://www.vilacelta.com.br/?view=ecom/itens&tcg=1&txt_edicao=312,https://www.vilacelta.com.br/?view=ecom/item&tcg=1&card=11740;Quinta Edicao;;;;;;
4EB_178;Abelhas Assassinas / Killer Bees;https://www.vilacelta.com.br/?view=ecom/itens&tcg=1&txt_edicao=338,https://www.vilacelta.com.br/?view=ecom/item&tcg=1&card=11740;Quarta Edicao (BB);;;;;;
RE_60;Abelhas Assassinas / Killer Bees;https://www.vilacelta.com.br/?view=ecom/itens&tcg=1&txt_edicao=349,https://www.vilacelta.com.br/?view=ecom/item&tcg=1&card=11740;Renaissance;;;;;;
TS_231;Abelhas de Unyaro / Unyaro Bees;https://www.vilacelta.com.br/?view=ecom/itens&tcg=1&txt_edicao=191,https://www.vilacelta.com.br/?view=ecom/item&tcg=1&card=3576;Espiral Temporal;;;;;;
PTC_60;Aberração Consumidora / Consuming Aberration;https://www.vilacelta.com.br/?view=ecom/itens&tcg=1&txt_edicao=286,https://www.vilacelta.com.br/?view=ecom/item&tcg=1&card=26109;Prerelease Events;;;;;;
GK1D_10;Aberração Consumidora / Consuming Aberration;https://www.vilacelta.com.br/?view=ecom/itens&tcg=1&txt_edicao=479743,https://www.vilacelta.com.br/?view=ecom/item&tcg=1&card=26109;Kit de Guilda: Dimir;;;;;;
ASCLB_22;Aberração Consumidora (Art Card com Assinatura) / Consuming Aberration (Art Card with Signature);https://www.vilacelta.com.br/?view=ecom/itens&tcg=1&txt_edicao=479912,https://www.vilacelta.com.br/?view=ecom/item&tcg=1&card=64532;Commander Legends: Batalha por Portal de Baldur (Art Series);;;;;;
ASCLB_22;Aberração Consumidora (Art Card) / Consuming Aberration (Art Card);https://www.vilacelta.com.br/?view=ecom/itens&tcg=1&txt_edicao=479912,https://www.vilacelta.com.br/?view=ecom/item&tcg=1&card=64451;Commander Legends: Batalha por Portal de Baldur (Art Series);;;;;;
SC_118;Aberração Élfica / Elvish Aberration;https://www.vilacelta.com.br/?view=ecom/itens&tcg=1&txt_edicao=203,https://www.vilacelta.com.br/?view=ecom/item&tcg=1&card=6662;Flagelo;;;;;;
ARENA_55;Aberração Élfica / Elvish Aberration;https://www.vilacelta.com.br/?view=ecom/itens&tcg=1&txt_edicao=296,https://www.vilacelta.com.br/?view=ecom/item&tcg=1&card=6662;Arena League;;;;;;
PC_51;Aberração Encapuzada / Veiling Oddity;https://www.vilacelta.com.br/?view=ecom/itens&tcg=1&txt_edicao=190,https://www.vilacelta.com.br/?view=ecom/item&tcg=1&card=3228;Caos Planar;;1;0,36;PT/EN   [Português / Inglês];NM   [Praticamente Nova];
ASMID_22;Aberração Insetídea (Art Card com Assinatura) / Insectile Aberration (Art Card with Signature);https://www.vilacelta.com.br/?view=ecom/itens&tcg=1&txt_edicao=479874,https://www.vilacelta.com.br/?view=ecom/item&tcg=1&card=61572;Innistrad: Cacada a Meia-noite (Art Series);;2;9,90;PT/EN   [Português / Inglês];NM   [Praticamente Nova];
ASMID_22;Aberração Insetídea (Art Card) / Insectile Aberration (Art Card);https://www.vilacelta.com.br/?view=ecom/itens&tcg=1&txt_edicao=479874,https://www.vilacelta.com.br/?view=ecom/item&tcg=1&card=61653;Innistrad: Cacada a Meia-noite (Art Series);;;;;;
IN_328;Abertura Sulfúrica / Sulfur Vent;https://www.vilacelta.com.br/?view=ecom/itens&tcg=1&txt_edicao=315,https://www.vilacelta.com.br/?view=ecom/item&tcg=1&card=8569;Invasao;;;1.000,00;;;
US_310;Abertura Temporal / Temporal Aperture;https://www.vilacelta.com.br/?view=ecom/itens&tcg=1&txt_edicao=216,https://www.vilacelta.com.br/?view=ecom/item&tcg=1&card=9828;A Saga de Urza;;3;38,90;PT/EN   [Português / Inglês];SP   [Usada Levemente];
US_310;Abertura Temporal / Temporal Aperture;https://www.vilacelta.com.br/?view=ecom/itens&tcg=1&txt_edicao=216,https://www.vilacelta.com.br/?view=ecom/item&tcg=1&card=9828;A Saga de Urza;;;69,90;PT/EN   [Português / Inglês];MP   [Usada Moderadamente];
WCD_19990108;Abertura Temporal / Temporal Aperture;https://www.vilacelta.com.br/?view=ecom/itens&tcg=1&txt_edicao=440839,https://www.vilacelta.com.br/?view=ecom/item&tcg=1&card=9828;World Championship Decks;;;;;;
WCD_20040429;Abertura Temporal (KB-99) / Temporal Aperture (KB-99);https://www.vilacelta.com.br/?view=ecom/itens&tcg=1&txt_edicao=440839,https://www.vilacelta.com.br/?view=ecom/item&tcg=1&card=54881;World Championship Decks;;;;;;
CMB1_120;Abian, Luvion Usurper;https://www.vilacelta.com.br/?view=ecom/itens&tcg=1&txt_edicao=479783,https://www.vilacelta.com.br/?view=ecom/item&tcg=1&card=55595;Mystery Booster Playtest Cards;;;;;;
KHM_274;;https://www.vilacelta.com.br/?view=ecom/admin/stats/bestsellers&tcg=1&search_extras=0&page=7&position=665&search_period=1&search_date=11/03/2024#665,https://www.vilacelta.com.br/?view=ecom/itens&tcg=1&txt_edicao=479834,https://www.vilacelta.com.br/?view=ecom/item&tcg=1&card=58796;Kaldheim;;;5,23;PT/EN   [Português / Inglês];NM   [Praticamente Nova];
SLC169_140;Abismo da Floresta / Woodland Chasm;https://www.vilacelta.com.br/?view=ecom/itens&tcg=1&txt_edicao=480245,https://www.vilacelta.com.br/?view=ecom/item&tcg=1&card=58796;Secret Lair Commander: From Cute to Brute;;;;;;
RRLTC_374;Abismo de Helm // Shinka, a Fortaleza Ensangüentada / Helm's Deep // Shinka, the Bloodsoaked Keep;https://www.vilacelta.com.br/?view=ecom/itens&tcg=1&txt_edicao=480240,https://www.vilacelta.com.br/?view=ecom/item&tcg=1&card=69261;Contos da Terra Media Commander (Realms and Relics);;;;;;
SFLTC_404;Abismo de Helm // Shinka, a Fortaleza Ensangüentada / Helm's Deep // Shinka, the Bloodsoaked Keep;https://www.vilacelta.com.br/?view=ecom/itens&tcg=1&txt_edicao=480241,https://www.vilacelta.com.br/?view=ecom/item&tcg=1&card=69261;Contos da Terra Media Commander (Realms and Relics Surge Foil);;;;;;
SRLTC_404;Abismo de Helm // Shinka, a Fortaleza Ensangüentada / Helm's Deep // Shinka, the Bloodsoaked Keep;https://www.vilacelta.com.br/?view=ecom/itens&tcg=1&txt_edicao=480325,https://www.vilacelta.com.br/?view=ecom/item&tcg=1&card=69261;Contos da Terra Media Commander (Serialized Realms and Relics);;;;;;
IA_127;Abismo Glacial / Glacial Chasm;https://www.vilacelta.com.br/?view=ecom/itens&tcg=1&txt_edicao=313,https://www.vilacelta.com.br/?view=ecom/item&tcg=1&card=4500;Era Glacial;;;24,90;PT/EN   [Português / Inglês];MP   [Usada Moderadamente];
CS_145;Abismo Sombrio / Dark Depths;https://www.vilacelta.com.br/?view=ecom/itens&tcg=1&txt_edicao=193,https://www.vilacelta.com.br/?view=ecom/item&tcg=1&card=3913;Frente Fria;;;;;;
UMAP_35;Abismo Sombrio / Dark Depths;https://www.vilacelta.com.br/?view=ecom/itens&tcg=1&txt_edicao=479742,https://www.vilacelta.com.br/?view=ecom/item&tcg=1&card=3913;Ultimate Box Topper;;;389,90;ING     [Inglês];NM   [Praticamente Nova];Foil
PLIST_347;Abismo Sombrio / Dark Depths;https://www.vilacelta.com.br/?view=ecom/itens&tcg=1&txt_edicao=479828,https://www.vilacelta.com.br/?view=ecom/item&tcg=1&card=3913;The List;;;;;;
BLDMR_454;Abismo Sombrio / Dark Depths;https://www.vilacelta.com.br/?view=ecom/itens&tcg=1&txt_edicao=480049,https://www.vilacelta.com.br/?view=ecom/item&tcg=1&card=3913;Dominaria Remastered (Borderless);;1;64,90;PT/EN   [Português / Inglês];NM   [Praticamente Nova];
RFDMR_394;Abismo Sombrio / Dark Depths;https://www.vilacelta.com.br/?view=ecom/itens&tcg=1&txt_edicao=480144,https://www.vilacelta.com.br/?view=ecom/item&tcg=1&card=3913;Dominaria Remastered (Retro Frame);;3;74,90;PT/EN   [Português / Inglês];NM   [Praticamente Nova];
WL_3;Abjurar / Abjure;https://www.vilacelta.com.br/?view=ecom/itens&tcg=1&txt_edicao=220,https://www.vilacelta.com.br/?view=ecom/item&tcg=1&card=10535;Alisios;;;;;;
SLD167_1285;Abolidor-Mor / Grand Abolisher;https://www.vilacelta.com.br/?view=ecom/itens&tcg=1&txt_edicao=480220,https://www.vilacelta.com.br/?view=ecom/item&tcg=1&card=12095;Secret Lair Drop Series: Artist Series: Randy Vargas;;;;;;
BCMM_625;Abolidor-Mor / Grand Abolisher;https://www.vilacelta.com.br/?view=ecom/itens&tcg=1&txt_edicao=480264,https://www.vilacelta.com.br/?view=ecom/item&tcg=1&card=12095;Commander Masters (Borderless);;;;;;
FECMM_460;Abolidor-Mor / Grand Abolisher;https://www.vilacelta.com.br/?view=ecom/itens&tcg=1&txt_edicao=480272,https://www.vilacelta.com.br/?view=ecom/item&tcg=1&card=12095;Commander Masters (Foil Etched);;;;;;
PR_1;Abolir / Abolish;https://www.vilacelta.com.br/?view=ecom/itens&tcg=1&txt_edicao=211,https://www.vilacelta.com.br/?view=ecom/item&tcg=1&card=8597;Profecia;;;;;;
LG_1;Abominação / Abomination;https://www.vilacelta.com.br/?view=ecom/itens&tcg=1&txt_edicao=226,https://www.vilacelta.com.br/?view=ecom/item&tcg=1&card=11635;Legends;;;;;;
4E_1;Abominação / Abomination;https://www.vilacelta.com.br/?view=ecom/itens&tcg=1&txt_edicao=236,https://www.vilacelta.com.br/?view=ecom/item&tcg=1&card=11635;Quarta Edicao;;;;;;
4EB_1;Abominação / Abomination;https://www.vilacelta.com.br/?view=ecom/itens&tcg=1&txt_edicao=338,https://www.vilacelta.com.br/?view=ecom/item&tcg=1&card=11635;Quarta Edicao (BB);;;;;;
RE_1;Abominação / Abomination;https://www.vilacelta.com.br/?view=ecom/itens&tcg=1&txt_edicao=349,https://www.vilacelta.com.br/?view=ecom/item&tcg=1&card=11635;Renaissance;;;;;;
FECMR_585;Abominação de Llanowar / Abomination of Llanowar;https://www.vilacelta.com.br/?view=ecom/itens&tcg=1&txt_edicao=479825,https://www.vilacelta.com.br/?view=ecom/item&tcg=1&card=57913;Commander Legends (Foil Etched);;;;;;
TSTS_50;Abominação Distorcida / Twisted Abomination;https://www.vilacelta.com.br/?view=ecom/itens&tcg=1&txt_edicao=192,https://www.vilacelta.com.br/?view=ecom/item&tcg=1&card=3696;Time Spiral Timeshifted;;;;;;
SC_76;Abominação Distorcida / Twisted Abomination;https://www.vilacelta.com.br/?view=ecom/itens&tcg=1&txt_edicao=203,https://www.vilacelta.com.br/?view=ecom/item&tcg=1&card=3696;Flagelo;;;;;;
DDAGVL_45;Abominação Distorcida / Twisted Abomination;https://www.vilacelta.com.br/?view=ecom/itens&tcg=1&txt_edicao=43493,https://www.vilacelta.com.br/?view=ecom/item&tcg=1&card=3696;Duel Decks Anthology: Garruk vs. Liliana;;6;0,45;PT/EN   [Português / Inglês];NM   [Praticamente Nova];
DS_49;Abominação Nim / Nim Abomination;https://www.vilacelta.com.br/?view=ecom/itens&tcg=1&txt_edicao=201,https://www.vilacelta.com.br/?view=ecom/item&tcg=1&card=6122;Darksteel;;;;;;
MB1_657;Abominação Selvagem / Feral Abomination;https://www.vilacelta.com.br/?view=ecom/itens&tcg=1&txt_edicao=479791,https://www.vilacelta.com.br/?view=ecom/item&tcg=1&card=49503;Mystery Booster;;2;0,42;PT/EN   [Português / Inglês];NM   [Praticamente Nova];
PTC_296;Abominação Sufocante / Smothering Abomination;https://www.vilacelta.com.br/?view=ecom/itens&tcg=1&txt_edicao=286,https://www.vilacelta.com.br/?view=ecom/item&tcg=1&card=32519;Prerelease Events;;;;;;
YLCI_023;Abordagem Brônzea / Brazen Boarding;https://www.vilacelta.com.br/?view=ecom/itens&tcg=1&txt_edicao=480390,https://www.vilacelta.com.br/?view=ecom/item&tcg=1&card=72137;Alquimia: Ixalan;;;;;;
WL_4;Aboroth;https://www.vilacelta.com.br/?view=ecom/itens&tcg=1&txt_edicao=220,https://www.vilacelta.com.br/?view=ecom/item&tcg=1&card=10563;Alisios;;;;;;
OD_58;Aboshan, Imperador Cefálida / Aboshan, Cephalid Emperor;https://www.vilacelta.com.br/?view=ecom/itens&tcg=1&txt_edicao=208,https://www.vilacelta.com.br/?view=ecom/item&tcg=1&card=7526;Odisseia;;;;;;
PLIST_656;Aboshan, Imperador Cefálida / Aboshan, Cephalid Emperor;https://www.vilacelta.com.br/?view=ecom/itens&tcg=1&txt_edicao=479828,https://www.vilacelta.com.br/?view=ecom/item&tcg=1&card=7526;The List;;;;;;
JMP_T01;Above the Clouds (Theme Card);https://www.vilacelta.com.br/?view=ecom/itens&tcg=1&txt_edicao=479811,https://www.vilacelta.com.br/?view=ecom/item&tcg=1&card=57003;Jumpstart;;6;1,07;ING     [Inglês];NM   [Praticamente Nova];
ASVOW_4;Abraço da Ancestral (Art Card com Assinatura) / Ancestor's Embrace (Art Card with Signature);https://www.vilacelta.com.br/?view=ecom/itens&tcg=1&txt_edicao=479881,https://www.vilacelta.com.br/?view=ecom/item&tcg=1&card=62146;Innistrad: Voto Carmesim (Art Series);;;;;;
ASVOW_4;Abraço da Ancestral (Art Card) / Ancestor's Embrace (Art Card);https://www.vilacelta.com.br/?view=ecom/itens&tcg=1&txt_edicao=479881,https://www.vilacelta.com.br/?view=ecom/item&tcg=1&card=62226;Innistrad: Voto Carmesim (Art Series);;;;;;
ASVOW_52;Abraço da Natureza (Art Card com Assinatura) / Nature's Embrace (Art Card with Signature);https://www.vilacelta.com.br/?view=ecom/itens&tcg=1&txt_edicao=479881,https://www.vilacelta.com.br/?view=ecom/item&tcg=1&card=62194;Innistrad: Voto Carmesim (Art Series);;;;;;
ASVOW_52;Abraço da Natureza (Art Card) / Nature's Embrace (Art Card);https://www.vilacelta.com.br/?view=ecom/itens&tcg=1&txt_edicao=479881,https://www.vilacelta.com.br/?view=ecom/item&tcg=1&card=62274;Innistrad: Voto Carmesim (Art Series);;;;;;
TP_60;Abraço de Dauth / Dauthi Embrace;https://www.vilacelta.com.br/?view=ecom/itens&tcg=1&txt_edicao=219,https://www.vilacelta.com.br/?view=ecom/item&tcg=1&card=10168;Tempestade;;1;19,90;PT/EN   [Português / Inglês];HP   [Muito Usada];
US_255;Abraço de Géia / Gaea's Embrace;https://www.vilacelta.com.br/?view=ecom/itens&tcg=1&txt_edicao=216,https://www.vilacelta.com.br/?view=ecom/item&tcg=1&card=9773;A Saga de Urza;;;;;;
PLIST_980;Abraço de Géia / Gaea's Embrace;https://www.vilacelta.com.br/?view=ecom/itens&tcg=1&txt_edicao=479828,https://www.vilacelta.com.br/?view=ecom/item&tcg=1&card=9773;The List;;;;;;
US_47;Abraço de Serra / Serra's Embrace;https://www.vilacelta.com.br/?view=ecom/itens&tcg=1&txt_edicao=216,https://www.vilacelta.com.br/?view=ecom/item&tcg=1&card=9565;A Saga de Urza;;;;;;
7E_43;Abraço de Serra / Serra's Embrace;https://www.vilacelta.com.br/?view=ecom/itens&tcg=1&txt_edicao=322,https://www.vilacelta.com.br/?view=ecom/item&tcg=1&card=9565;Setima Edicao;;;;;;
DDADVD_21;Abraço de Serra / Serra's Embrace;https://www.vilacelta.com.br/?view=ecom/itens&tcg=1&txt_edicao=43491,https://www.vilacelta.com.br/?view=ecom/item&tcg=1&card=9565;Duel Decks Anthology: Divine vs. Demonic;;2;1,00;PT/EN   [Português / Inglês];NM   [Praticamente Nova];
MB1_225;Abraço de Serra / Serra's Embrace;https://www.vilacelta.com.br/?view=ecom/itens&tcg=1&txt_edicao=479791,https://www.vilacelta.com.br/?view=ecom/item&tcg=1&card=9565;Mystery Booster;;;0,90;PT/EN   [Português / Inglês];NM   [Praticamente Nova];