US_216;Abraço de Shiv / Shiv's Embrace;https://www.vilacelta.com.br/?view=ecom/itens&tcg=1&txt_edicao=216,https://www.vilacelta.com.br/?view=ecom/item&tcg=1&card=9734;A Saga de Urza;;;;;;
MAJ21_511;Abraço de Shiv / Shiv's Embrace;https://www.vilacelta.com.br/?view=ecom/itens&tcg=1&txt_edicao=479868,https://www.vilacelta.com.br/?view=ecom/item&tcg=1&card=9734;Jumpstart: Historic Horizons;;;;;;
AP_122;Abraço de Squee / Squee's Embrace;https://www.vilacelta.com.br/?view=ecom/itens&tcg=1&txt_edicao=209,https://www.vilacelta.com.br/?view=ecom/item&tcg=1&card=7940;Apocalipse;;;;;;
AP_127;Abraço de Yavimaya / Yavimaya's Embrace;https://www.vilacelta.com.br/?view=ecom/itens&tcg=1&txt_edicao=209,https://www.vilacelta.com.br/?view=ecom/item&tcg=1&card=7945;Apocalipse;;;;;;
MB1_1514;Abraço de Yavimaya / Yavimaya's Embrace;https://www.vilacelta.com.br/?view=ecom/itens&tcg=1&txt_edicao=479791,https://www.vilacelta.com.br/?view=ecom/item&tcg=1&card=7945;Mystery Booster;;2;1,06;PT/EN   [Português / Inglês];NM   [Praticamente Nova];
US_114;Abraço de Zephid / Zephid's Embrace;https://www.vilacelta.com.br/?view=ecom/itens&tcg=1&txt_edicao=216,https://www.vilacelta.com.br/?view=ecom/item&tcg=1&card=9632;A Saga de Urza;;;;;;
M21CB_356;Abraço Demoníaco / Demonic Embrace;https://www.vilacelta.com.br/?view=ecom/itens&tcg=1&txt_edicao=479809,https://www.vilacelta.com.br/?view=ecom/item&tcg=1&card=56688;Core Set 2021 (Variantes);;;;;;
MB1_805;Abraço do Submundo / Undercity's Embrace;https://www.vilacelta.com.br/?view=ecom/itens&tcg=1&txt_edicao=479791,https://www.vilacelta.com.br/?view=ecom/item&tcg=1&card=52942;Mystery Booster;;4;0,36;PT/EN   [Português / Inglês];NM   [Praticamente Nova];
TS_137;Abraço do Traidor / Traitor's Clutch;https://www.vilacelta.com.br/?view=ecom/itens&tcg=1&txt_edicao=191,https://www.vilacelta.com.br/?view=ecom/item&tcg=1&card=3482;Espiral Temporal;;;;;;
IN_276;Abraço Espinal / Spinal Embrace;https://www.vilacelta.com.br/?view=ecom/itens&tcg=1&txt_edicao=315,https://www.vilacelta.com.br/?view=ecom/item&tcg=1&card=8517;Invasao;;;1000;;;
RFDMR_369;Abraço Espinal / Spinal Embrace;https://www.vilacelta.com.br/?view=ecom/itens&tcg=1&txt_edicao=480144,https://www.vilacelta.com.br/?view=ecom/item&tcg=1&card=8517;Dominaria Remastered (Retro Frame);;5;2,99;PT/EN   [Português / Inglês];NM   [Praticamente Nova];
US_164;Abraço Vampírico / Vampiric Embrace;https://www.vilacelta.com.br/?view=ecom/itens&tcg=1&txt_edicao=216,https://www.vilacelta.com.br/?view=ecom/item&tcg=1&card=9682;A Saga de Urza;;;;;;
TS_232;Abraço Verdejante / Verdant Embrace;https://www.vilacelta.com.br/?view=ecom/itens&tcg=1&txt_edicao=191,https://www.vilacelta.com.br/?view=ecom/item&tcg=1&card=3577;Espiral Temporal;;;;;;
VVOW_330;Abraham Van Helsing // Salvador de Ollenbock / Abraham Van Helsing // Savior of Ollenbock;https://www.vilacelta.com.br/?view=ecom/itens&tcg=1&txt_edicao=479877,https://www.vilacelta.com.br/?view=ecom/item&tcg=1&card=61792;Innistrad: Voto Carmesim (Variantes);;;;;;
MGDC_63;Abrasão / Abrade;https://www.vilacelta.com.br/?view=ecom/itens&tcg=1&txt_edicao=283,https://www.vilacelta.com.br/?view=ecom/item&tcg=1&card=41825;Magic Game Day Cards;;;9,9;PT/EN   [Português / Inglês];NM   [Praticamente Nova];
CBCMR_659;Abrasão / Abrade;https://www.vilacelta.com.br/?view=ecom/itens&tcg=1&txt_edicao=479824,https://www.vilacelta.com.br/?view=ecom/item&tcg=1&card=41825;Commander Legends (Variantes);;;;;;
PLIST_122;Abrasão / Abrade;https://www.vilacelta.com.br/?view=ecom/itens&tcg=1&txt_edicao=479828,https://www.vilacelta.com.br/?view=ecom/item&tcg=1&card=41825;The List;;;;;;
SLD183_1425;Abrasão / Abrade;https://www.vilacelta.com.br/?view=ecom/itens&tcg=1&txt_edicao=480312,https://www.vilacelta.com.br/?view=ecom/item&tcg=1&card=41825;Secret Lair Drop Series: Absolute Annihilation;;;;;;
LCI_131;;https://www.vilacelta.com.br/?view=ecom/admin/stats/bestsellers&tcg=1&search_extras=0&page=3&position=236&search_period=1&search_date=11/03/2024#236,https://www.vilacelta.com.br/?view=ecom/itens&tcg=1&txt_edicao=480326,https://www.vilacelta.com.br/?view=ecom/item&tcg=1&card=41825;As Cavernas Perdidas de Ixalan;;;;;;
ASVOW_38;Abrasão (Art Card com Assinatura) / Abrade (Art Card with Signature);https://www.vilacelta.com.br/?view=ecom/itens&tcg=1&txt_edicao=479881,https://www.vilacelta.com.br/?view=ecom/item&tcg=1&card=62180;Innistrad: Voto Carmesim (Art Series);;;;;;
ASVOW_38;Abrasão (Art Card) / Abrade (Art Card);https://www.vilacelta.com.br/?view=ecom/itens&tcg=1&txt_edicao=479881,https://www.vilacelta.com.br/?view=ecom/item&tcg=1&card=62260;Innistrad: Voto Carmesim (Art Series);;;;;;
PLIST_458;Abre-Nuvem / Cloud Key;https://www.vilacelta.com.br/?view=ecom/itens&tcg=1&txt_edicao=479828,https://www.vilacelta.com.br/?view=ecom/item&tcg=1&card=3157;The List;;;13,9;PT/EN   [Português / Inglês];NM   [Praticamente Nova];
RFBRO_12;Abre-Nuvem / Cloud Key;https://www.vilacelta.com.br/?view=ecom/itens&tcg=1&txt_edicao=480100,https://www.vilacelta.com.br/?view=ecom/item&tcg=1&card=3157;A Guerra dos Irmaos (Retro Frame Artifacts);;;11,9;PT/EN   [Português / Inglês];NM   [Praticamente Nova];
SMBRO_75;Abre-Nuvem / Cloud Key;https://www.vilacelta.com.br/?view=ecom/itens&tcg=1&txt_edicao=480101,https://www.vilacelta.com.br/?view=ecom/item&tcg=1&card=3157;A Guerra dos Irmaos (Schematic);;;;;;
SEBRO_75;Abre-Nuvem / Cloud Key;https://www.vilacelta.com.br/?view=ecom/itens&tcg=1&txt_edicao=480117,https://www.vilacelta.com.br/?view=ecom/item&tcg=1&card=3157;A Guerra dos Irmaos (Serialized);;;;;;
OD_46;Abrigo / Shelter;https://www.vilacelta.com.br/?view=ecom/itens&tcg=1&txt_edicao=208,https://www.vilacelta.com.br/?view=ecom/item&tcg=1&card=7514;Odisseia;;;;;;
MAJ21_133;Abrigo / Shelter;https://www.vilacelta.com.br/?view=ecom/itens&tcg=1&txt_edicao=479868,https://www.vilacelta.com.br/?view=ecom/item&tcg=1&card=7514;Jumpstart: Historic Horizons;;;;;;
ASCMM_3;Abrigo (Art Card com Assinatura) / Shelter (Art Card with Signature);https://www.vilacelta.com.br/?view=ecom/itens&tcg=1&txt_edicao=480270,https://www.vilacelta.com.br/?view=ecom/item&tcg=1&card=69947;Commander Masters (Art Series);;;;;;
ASCMM_3;Abrigo (Art Card) / Shelter (Art Card);https://www.vilacelta.com.br/?view=ecom/itens&tcg=1&txt_edicao=480270,https://www.vilacelta.com.br/?view=ecom/item&tcg=1&card=69867;Commander Masters (Art Series);;;;;;
ZNR_37;Abrigo de Sejiri / Sejiri Shelter;https://www.vilacelta.com.br/?view=ecom/itens&tcg=1&txt_edicao=479816,https://www.vilacelta.com.br/?view=ecom/item&tcg=1&card=57255;Renascer de Zendikar;;;8,5;PT/EN   [Português / Inglês];NM   [Praticamente Nova];
BFMAT_73;Abrir o Caminho / Open the Way;https://www.vilacelta.com.br/?view=ecom/itens&tcg=1&txt_edicao=480222,https://www.vilacelta.com.br/?view=ecom/item&tcg=1&card=68902;Marcha das Maquinas: Consequencias (Booster Fun);;;;;;
EXMAT_163;Abrir o Caminho / Open the Way;https://www.vilacelta.com.br/?view=ecom/itens&tcg=1&txt_edicao=480223,https://www.vilacelta.com.br/?view=ecom/item&tcg=1&card=68902;Marcha das Maquinas: Consequencias (Extended Art);;;;;;
FMAT_123;Abrir o Caminho / Open the Way;https://www.vilacelta.com.br/?view=ecom/itens&tcg=1&txt_edicao=480224,https://www.vilacelta.com.br/?view=ecom/item&tcg=1&card=68902;Marcha das Maquinas: Consequencias (Foil Etched);;;;;;
EAPIP_455;Abrir os Cofres / Open the Vaults;https://www.vilacelta.com.br/?view=ecom/itens&tcg=1&txt_edicao=480353,https://www.vilacelta.com.br/?view=ecom/item&tcg=1&card=12655;Fallout (Extended Art);;;;;;
SFPIP_696;Abrir os Cofres / Open the Vaults;https://www.vilacelta.com.br/?view=ecom/itens&tcg=1&txt_edicao=480437,https://www.vilacelta.com.br/?view=ecom/item&tcg=1&card=12655;Fallout (Surge Foil);;;;;;
ESPIP_983;Abrir os Cofres / Open the Vaults;https://www.vilacelta.com.br/?view=ecom/itens&tcg=1&txt_edicao=480439,https://www.vilacelta.com.br/?view=ecom/item&tcg=1&card=12655;Fallout (Extended Art Surge Foil);;;;;;
DI_11;Absolvedora Haazda / Haazda Exonerator;https://www.vilacelta.com.br/?view=ecom/itens&tcg=1&txt_edicao=195,https://www.vilacelta.com.br/?view=ecom/item&tcg=1&card=4563;Insurreicao;;;;;;
IN_226;Absorver / Absorb;https://www.vilacelta.com.br/?view=ecom/itens&tcg=1&txt_edicao=315,https://www.vilacelta.com.br/?view=ecom/item&tcg=1&card=8467;Invasao;;;44,54;PT/EN   [Português / Inglês];SP   [Usada Levemente];
IN_226;Absorver / Absorb;https://www.vilacelta.com.br/?view=ecom/itens&tcg=1&txt_edicao=315,https://www.vilacelta.com.br/?view=ecom/item&tcg=1&card=8467;Invasao;;;29,6;PT/EN   [Português / Inglês];MP   [Usada Moderadamente];
BLDMR_443;Absorver / Absorb;https://www.vilacelta.com.br/?view=ecom/itens&tcg=1&txt_edicao=480049,https://www.vilacelta.com.br/?view=ecom/item&tcg=1&card=8467;Dominaria Remastered (Borderless);;1;29,99;PT/EN   [Português / Inglês];NM   [Praticamente Nova];Foil
BLDMR_443;Absorver / Absorb;https://www.vilacelta.com.br/?view=ecom/itens&tcg=1&txt_edicao=480049,https://www.vilacelta.com.br/?view=ecom/item&tcg=1&card=8467;Dominaria Remastered (Borderless);;4;12,5;PT/EN   [Português / Inglês];NM   [Praticamente Nova];
RFDMR_354;Absorver / Absorb;https://www.vilacelta.com.br/?view=ecom/itens&tcg=1&txt_edicao=480144,https://www.vilacelta.com.br/?view=ecom/item&tcg=1&card=8467;Dominaria Remastered (Retro Frame);;;39,9;PT/EN   [Português / Inglês];NM   [Praticamente Nova];Foil
RFDMR_354;Absorver / Absorb;https://www.vilacelta.com.br/?view=ecom/itens&tcg=1&txt_edicao=480144,https://www.vilacelta.com.br/?view=ecom/item&tcg=1&card=8467;Dominaria Remastered (Retro Frame);;3;11,56;PT/EN   [Português / Inglês];NM   [Praticamente Nova];
Y22_12;Absorver Energia / Absorb Energy;https://www.vilacelta.com.br/?view=ecom/itens&tcg=1&txt_edicao=479887,https://www.vilacelta.com.br/?view=ecom/item&tcg=1&card=62501;Alquimia: Innistrad;;;;;;
CFX_40;Absorver Vis / Absorb Vis;https://www.vilacelta.com.br/?view=ecom/itens&tcg=1&txt_edicao=183,https://www.vilacelta.com.br/?view=ecom/item&tcg=1&card=1710;Confluencia;;;;;;
MB1_558;Absorver Vis / Absorb Vis;https://www.vilacelta.com.br/?view=ecom/itens&tcg=1&txt_edicao=479791,https://www.vilacelta.com.br/?view=ecom/item&tcg=1&card=1710;Mystery Booster;;3;0,41;PT/EN   [Português / Inglês];NM   [Praticamente Nova];
EXCMM_744;Abstruse Archaic;https://www.vilacelta.com.br/?view=ecom/itens&tcg=1&txt_edicao=480268,https://www.vilacelta.com.br/?view=ecom/item&tcg=1&card=69768;Commander Masters (Extended Art);;;;;;
AN_1;Abu Ja'far;https://www.vilacelta.com.br/?view=ecom/itens&tcg=1&txt_edicao=228,https://www.vilacelta.com.br/?view=ecom/item&tcg=1&card=12140;Arabian Nights;;;;;;
CH_1;Abu Ja'far;https://www.vilacelta.com.br/?view=ecom/itens&tcg=1&txt_edicao=262,https://www.vilacelta.com.br/?view=ecom/item&tcg=1&card=12140;Chronicles;;;;;;
RI_1;Abu Ja'far;https://www.vilacelta.com.br/?view=ecom/itens&tcg=1&txt_edicao=350,https://www.vilacelta.com.br/?view=ecom/item&tcg=1&card=12140;Rinascimento;;;;;;
SLCI_297;Abuelo, Eco Ancestral / Abuelo, Ancestral Echo;https://www.vilacelta.com.br/?view=ecom/itens&tcg=1&txt_edicao=480359,https://www.vilacelta.com.br/?view=ecom/item&tcg=1&card=71281;As Cavernas Perdidas de Ixalan (Showcase);;;;;;
MI_8;Abunas Leonino / Leonin Abunas;https://www.vilacelta.com.br/?view=ecom/itens&tcg=1&txt_edicao=202,https://www.vilacelta.com.br/?view=ecom/item&tcg=1&card=6246;Mirrodin;;;3,5;PT/EN   [Português / Inglês];HP   [Muito Usada];
US_229;Abundância / Abundance;https://www.vilacelta.com.br/?view=ecom/itens&tcg=1&txt_edicao=216,https://www.vilacelta.com.br/?view=ecom/item&tcg=1&card=9747;A Saga de Urza;;;;;;
ON_126;Abutre de Aphetto / Aphetto Vulture;https://www.vilacelta.com.br/?view=ecom/itens&tcg=1&txt_edicao=205,https://www.vilacelta.com.br/?view=ecom/item&tcg=1&card=6958;Investida;;;;;;
WL_39;Abutres Circulantes / Circling Vultures;https://www.vilacelta.com.br/?view=ecom/itens&tcg=1&txt_edicao=220,https://www.vilacelta.com.br/?view=ecom/item&tcg=1&card=10510;Alisios;;;;;;
LG_186;Abutres Osai / Osai Vultures;https://www.vilacelta.com.br/?view=ecom/itens&tcg=1&txt_edicao=226,https://www.vilacelta.com.br/?view=ecom/item&tcg=1&card=11832;Legends;;;;;;
4E_230;Abutres Osai / Osai Vultures;https://www.vilacelta.com.br/?view=ecom/itens&tcg=1&txt_edicao=236,https://www.vilacelta.com.br/?view=ecom/item&tcg=1&card=11832;Quarta Edicao;;;;;;
4EB_230;Abutres Osai / Osai Vultures;https://www.vilacelta.com.br/?view=ecom/itens&tcg=1&txt_edicao=338,https://www.vilacelta.com.br/?view=ecom/item&tcg=1&card=11832;Quarta Edicao (BB);;;;;;
RE_75;Abutres Osai / Osai Vultures;https://www.vilacelta.com.br/?view=ecom/itens&tcg=1&txt_edicao=349,https://www.vilacelta.com.br/?view=ecom/item&tcg=1&card=11832;Renaissance;;;;;;
PO2_1;Abyssal Nightstalker;https://www.vilacelta.com.br/?view=ecom/itens&tcg=1&txt_edicao=277,https://www.vilacelta.com.br/?view=ecom/item&tcg=1&card=20669;Portal Segunda Era;;;;;;
VNCC_157;Acabar com a Festa / Crash the Party;https://www.vilacelta.com.br/?view=ecom/itens&tcg=1&txt_edicao=479904,https://www.vilacelta.com.br/?view=ecom/item&tcg=1&card=63753;Nova Capenna Commander (Variantes);;;;;;
PLIST_380;Academia de Nefália / Nephalia Academy;https://www.vilacelta.com.br/?view=ecom/itens&tcg=1&txt_edicao=479828,https://www.vilacelta.com.br/?view=ecom/item&tcg=1&card=36532;The List;;;;;;
US_330;Academia Tolariana / Tolarian Academy;https://www.vilacelta.com.br/?view=ecom/itens&tcg=1&txt_edicao=216,https://www.vilacelta.com.br/?view=ecom/item&tcg=1&card=9848;A Saga de Urza;;;549,9;ING     [Inglês];SP   [Usada Levemente];
US_330;Academia Tolariana / Tolarian Academy;https://www.vilacelta.com.br/?view=ecom/itens&tcg=1&txt_edicao=216,https://www.vilacelta.com.br/?view=ecom/item&tcg=1&card=9848;A Saga de Urza;;1;598,9;PT      [Português];NM   [Praticamente Nova];
US_330;Academia Tolariana / Tolarian Academy;https://www.vilacelta.com.br/?view=ecom/itens&tcg=1&txt_edicao=216,https://www.vilacelta.com.br/?view=ecom/item&tcg=1&card=9848;A Saga de Urza;;2;389,9;PT/EN   [Português / Inglês];MP   [Usada Moderadamente];
PCH_O01;Academy at Tolaria West;https://www.vilacelta.com.br/?view=ecom/itens&tcg=1&txt_edicao=256,https://www.vilacelta.com.br/?view=ecom/item&tcg=1&card=40160;Planechase;;;;;;
PCA_O009;Academy at Tolaria West;https://www.vilacelta.com.br/?view=ecom/itens&tcg=1&txt_edicao=120197,https://www.vilacelta.com.br/?view=ecom/item&tcg=1&card=40160;Planechase Anthology;;;;;;
PTC_241;Acampamento Aliado / Ally Encampment;https://www.vilacelta.com.br/?view=ecom/itens&tcg=1&txt_edicao=286,https://www.vilacelta.com.br/?view=ecom/item&tcg=1&card=32569;Prerelease Events;;;;;;
ON_315;Acampamento Daru / Daru Encampment;https://www.vilacelta.com.br/?view=ecom/itens&tcg=1&txt_edicao=205,https://www.vilacelta.com.br/?view=ecom/item&tcg=1&card=7147;Investida;;;8,91;PT/EN   [Português / Inglês];MP   [Usada Moderadamente];Foil
UL_141;Acampamento Ghitu / Ghitu Encampment;https://www.vilacelta.com.br/?view=ecom/itens&tcg=1&txt_edicao=215,https://www.vilacelta.com.br/?view=ecom/item&tcg=1&card=9516;O Legado de Urza;;2;0,9;PT/EN   [Português / Inglês];HP   [Muito Usada];
UL_141;Acampamento Ghitu / Ghitu Encampment;https://www.vilacelta.com.br/?view=ecom/itens&tcg=1&txt_edicao=215,https://www.vilacelta.com.br/?view=ecom/item&tcg=1&card=9516;O Legado de Urza;;3;1,15;PT/EN   [Português / Inglês];MP   [Usada Moderadamente];
WCD_19990212;Acampamento Ghitu / Ghitu Encampment;https://www.vilacelta.com.br/?view=ecom/itens&tcg=1&txt_edicao=440839,https://www.vilacelta.com.br/?view=ecom/item&tcg=1&card=9516;World Championship Decks;;;;;;
WCD_20040430;Acampamento Ghitu (MLP-99) / Ghitu Encampment (MLP-99);https://www.vilacelta.com.br/?view=ecom/itens&tcg=1&txt_edicao=440839,https://www.vilacelta.com.br/?view=ecom/item&tcg=1&card=54882;World Championship Decks;;;;;;
AP_23;Ação Evasiva / Evasive Action;https://www.vilacelta.com.br/?view=ecom/itens&tcg=1&txt_edicao=209,https://www.vilacelta.com.br/?view=ecom/item&tcg=1&card=7841;Apocalipse;;;;;;
PVC_50;Ação Evasiva / Evasive Action;https://www.vilacelta.com.br/?view=ecom/itens&tcg=1&txt_edicao=253,https://www.vilacelta.com.br/?view=ecom/item&tcg=1&card=7841;Duel Decks: Phyrexia vs. The Coalition;;;;;;
TONE_J01;Ácaros (Theme Card) / Mite-Y (Theme Card);https://www.vilacelta.com.br/?view=ecom/itens&tcg=1&txt_edicao=480165,https://www.vilacelta.com.br/?view=ecom/item&tcg=1&card=68116;Phyrexia: Tudo sera um (Tokens);;;;;;
EX_82;Acasos do Combate / Fighting Chance;https://www.vilacelta.com.br/?view=ecom/itens&tcg=1&txt_edicao=217,https://www.vilacelta.com.br/?view=ecom/item&tcg=1&card=9950;Exodo;;;;;;
EAWHO_454;Ace's Baseball Bat;https://www.vilacelta.com.br/?view=ecom/itens&tcg=1&txt_edicao=480330,https://www.vilacelta.com.br/?view=ecom/item&tcg=1&card=71112;Doctor Who (Extended Art);;;;;;
ESWHO_1045;Ace's Baseball Bat;https://www.vilacelta.com.br/?view=ecom/itens&tcg=1&txt_edicao=480331,https://www.vilacelta.com.br/?view=ecom/item&tcg=1&card=71112;Doctor Who (Extended Art Surge Foil);;;;;;
SFWHO_775;Ace's Baseball Bat;https://www.vilacelta.com.br/?view=ecom/itens&tcg=1&txt_edicao=480333,https://www.vilacelta.com.br/?view=ecom/item&tcg=1&card=71112;Doctor Who (Surge Foil);;;;;;
EAWHO_393;Ace, Fearless Rebel;https://www.vilacelta.com.br/?view=ecom/itens&tcg=1&txt_edicao=480330,https://www.vilacelta.com.br/?view=ecom/item&tcg=1&card=70947;Doctor Who (Extended Art);;;;;;
ESWHO_984;Ace, Fearless Rebel;https://www.vilacelta.com.br/?view=ecom/itens&tcg=1&txt_edicao=480331,https://www.vilacelta.com.br/?view=ecom/item&tcg=1&card=70947;Doctor Who (Extended Art Surge Foil);;;;;;
SFWHO_703;Ace, Fearless Rebel;https://www.vilacelta.com.br/?view=ecom/itens&tcg=1&txt_edicao=480333,https://www.vilacelta.com.br/?view=ecom/item&tcg=1&card=70947;Doctor Who (Surge Foil);;;;;;
GP_31;Acelerar / Quicken;https://www.vilacelta.com.br/?view=ecom/itens&tcg=1&txt_edicao=196,https://www.vilacelta.com.br/?view=ecom/item&tcg=1&card=4773;Pacto das Guildas;;;;;;
RFRVR_318;Acelerar / Quicken;https://www.vilacelta.com.br/?view=ecom/itens&tcg=1&txt_edicao=480407,https://www.vilacelta.com.br/?view=ecom/item&tcg=1&card=4773;Ravnica Remasterizada (Moldura Retro);;;;;;
TR_90;Acelerar (Accelerate) / Accelerate;https://www.vilacelta.com.br/?view=ecom/itens&tcg=1&txt_edicao=207,https://www.vilacelta.com.br/?view=ecom/item&tcg=1&card=7415;Tormento;;;5,28;PT/EN   [Português / Inglês];NM   [Praticamente Nova];
CBMID_356;Acender a Noite / Light Up the Night;https://www.vilacelta.com.br/?view=ecom/itens&tcg=1&txt_edicao=479865,https://www.vilacelta.com.br/?view=ecom/item&tcg=1&card=61250;Innistrad: Cacada a Meia-noite (Variantes);;;;;;
ASMID_43;Acender a Noite (Art Card com Assinatura) / Light Up the Night (Art Card with Signature);https://www.vilacelta.com.br/?view=ecom/itens&tcg=1&txt_edicao=479874,https://www.vilacelta.com.br/?view=ecom/item&tcg=1&card=61593;Innistrad: Cacada a Meia-noite (Art Series);;1;6,95;PT/EN   [Português / Inglês];NM   [Praticamente Nova];
ASMID_43;Acender a Noite (Art Card) / Light Up the Night (Art Card);https://www.vilacelta.com.br/?view=ecom/itens&tcg=1&txt_edicao=479874,https://www.vilacelta.com.br/?view=ecom/item&tcg=1&card=61674;Innistrad: Cacada a Meia-noite (Art Series);;;;;;
CBAFR_372;Acererak, o Arquilich / Acererak the Archlich;https://www.vilacelta.com.br/?view=ecom/itens&tcg=1&txt_edicao=479856,https://www.vilacelta.com.br/?view=ecom/item&tcg=1&card=60740;Adventures in the Forgotten Realms (Variantes);;;;;;
AMPAFR_87;Acererak, o Arquilich / Acererak the Archlich;https://www.vilacelta.com.br/?view=ecom/itens&tcg=1&txt_edicao=480004,https://www.vilacelta.com.br/?view=ecom/item&tcg=1&card=60740;Adventures in the Forgotten Realms (Ampersand);;;;;;
BLSNC_411;Acertar as Contas / Even the Score;https://www.vilacelta.com.br/?view=ecom/itens&tcg=1&txt_edicao=479906,https://www.vilacelta.com.br/?view=ecom/item&tcg=1&card=63598;Ruas de Nova Capenna (Borderless);;;;;;
ASAFR_38;Acerto Crítico (Art Card com Assinatura) / Critical Hit (Art Card with Signature);https://www.vilacelta.com.br/?view=ecom/itens&tcg=1&txt_edicao=479861,https://www.vilacelta.com.br/?view=ecom/item&tcg=1&card=60963;Adventures in the Forgotten Realms (Art Series);;;;;;
ASAFR_38;Acerto Crítico (Art Card) / Critical Hit (Art Card);https://www.vilacelta.com.br/?view=ecom/itens&tcg=1&txt_edicao=479861,https://www.vilacelta.com.br/?view=ecom/item&tcg=1&card=61014;Adventures in the Forgotten Realms (Art Series);;4;0,95;PT/EN   [Português / Inglês];;
CBCMR_628;Acerto de Contas Triunfante / Triumphant Reckoning;https://www.vilacelta.com.br/?view=ecom/itens&tcg=1&txt_edicao=479824,https://www.vilacelta.com.br/?view=ecom/item&tcg=1&card=57976;Commander Legends (Variantes);;;;;;
SLD107_1005;Acerto de Contas Triunfante / Triumphant Reckoning;https://www.vilacelta.com.br/?view=ecom/itens&tcg=1&txt_edicao=479924,https://www.vilacelta.com.br/?view=ecom/item&tcg=1&card=57976;Secret Lair Drop Series: Pride Across the Multiverse;;;;;;
WL_62;Acesso de Raiva / Fit of Rage;https://www.vilacelta.com.br/?view=ecom/itens&tcg=1&txt_edicao=220,https://www.vilacelta.com.br/?view=ecom/item&tcg=1&card=10606;Alisios;;;;;;
6E_178;Acesso de Raiva / Fit of Rage;https://www.vilacelta.com.br/?view=ecom/itens&tcg=1&txt_edicao=235,https://www.vilacelta.com.br/?view=ecom/item&tcg=1&card=10606;Sexta Edicao Classica;;;;;;
VNEC_47;Acesso Negado / Access Denied;https://www.vilacelta.com.br/?view=ecom/itens&tcg=1&txt_edicao=479893,https://www.vilacelta.com.br/?view=ecom/item&tcg=1&card=62984;Kamigawa: Dinastia Neon (Commander Variantes);;;;;;
WL_15;Achado Argiviano / Argivian Find;https://www.vilacelta.com.br/?view=ecom/itens&tcg=1&txt_edicao=220,https://www.vilacelta.com.br/?view=ecom/item&tcg=1&card=10626;Alisios;;;34,9;PT/EN   [Português / Inglês];MP   [Usada Moderadamente];
WL_15;Achado Argiviano / Argivian Find;https://www.vilacelta.com.br/?view=ecom/itens&tcg=1&txt_edicao=220,https://www.vilacelta.com.br/?view=ecom/item&tcg=1&card=10626;Alisios;;4;27,9;PT/EN   [Português / Inglês];HP   [Muito Usada];
PLIST_958;Achado Argiviano / Argivian Find;https://www.vilacelta.com.br/?view=ecom/itens&tcg=1&txt_edicao=479828,https://www.vilacelta.com.br/?view=ecom/item&tcg=1&card=10626;The List;;2;32,99;PT/EN   [Português / Inglês];NM   [Praticamente Nova];
EALCI_375;Achar a Mina de Ouro / Hit the Mother Lode;https://www.vilacelta.com.br/?view=ecom/itens&tcg=1&txt_edicao=480358,https://www.vilacelta.com.br/?view=ecom/item&tcg=1&card=71297;As Cavernas Perdidas de Ixalan (Extended Art);;;;;;
PLCI_404;Achar a Mina de Ouro / Hit the Mother Lode;https://www.vilacelta.com.br/?view=ecom/itens&tcg=1&txt_edicao=480361,https://www.vilacelta.com.br/?view=ecom/item&tcg=1&card=71297;As Cavernas Perdidas de Ixalan (Promo);;;;;;
ASLCI_19;Achar a Mina de Ouro (Art Card com Assinatura) / Hit the Mother Lode (Art Card with Signature);https://www.vilacelta.com.br/?view=ecom/itens&tcg=1&txt_edicao=480363,https://www.vilacelta.com.br/?view=ecom/item&tcg=1&card=71902;As Cavernas Perdidas de Ixalan (Art Series);;;;;;
ASLCI_19;Achar a Mina de Ouro (Art Card) / Hit the Mother Lode (Art Card);https://www.vilacelta.com.br/?view=ecom/itens&tcg=1&txt_edicao=480363,https://www.vilacelta.com.br/?view=ecom/item&tcg=1&card=71983;As Cavernas Perdidas de Ixalan (Art Series);;;;;;
LG_2;Acid Rain;https://www.vilacelta.com.br/?view=ecom/itens&tcg=1&txt_edicao=226,https://www.vilacelta.com.br/?view=ecom/item&tcg=1&card=11678;Legends;;;;;;
PC_45;Ácido da Realidade / Reality Acid;https://www.vilacelta.com.br/?view=ecom/itens&tcg=1&txt_edicao=190,https://www.vilacelta.com.br/?view=ecom/item&tcg=1&card=3222;Caos Planar;;;;;;
LCI_88;Aclazotz, Traição Profunda / Aclazotz, Deepest Betrayal;https://www.vilacelta.com.br/?view=ecom/itens&tcg=1&txt_edicao=480326,https://www.vilacelta.com.br/?view=ecom/item&tcg=1&card=71378;As Cavernas Perdidas de Ixalan;;;;;;
SLCI_316;Aclazotz, Traição Profunda / Aclazotz, Deepest Betrayal;https://www.vilacelta.com.br/?view=ecom/itens&tcg=1&txt_edicao=480359,https://www.vilacelta.com.br/?view=ecom/item&tcg=1&card=71378;As Cavernas Perdidas de Ixalan (Showcase);;;;;;
ASLCI_14;Aclazotz, Traicao Profunda (Art Card com Assinatura) / Aclazotz, Deepest Betrayal (Art Card with Signature);https://www.vilacelta.com.br/?view=ecom/itens&tcg=1&txt_edicao=480363,https://www.vilacelta.com.br/?view=ecom/item&tcg=1&card=71897;As Cavernas Perdidas de Ixalan (Art Series);;;;;;
ASLCI_14;Aclazotz, Traição Profunda (Art Card) / Aclazotz, Deepest Betrayal (Art Card);https://www.vilacelta.com.br/?view=ecom/itens&tcg=1&txt_edicao=480363,https://www.vilacelta.com.br/?view=ecom/item&tcg=1&card=71978;As Cavernas Perdidas de Ixalan (Art Series);;;;;;
SC_2;Aço Astral / Astral Steel;https://www.vilacelta.com.br/?view=ecom/itens&tcg=1&txt_edicao=203,https://www.vilacelta.com.br/?view=ecom/item&tcg=1&card=6546;Flagelo;;;;;;
MI_238;Aço Esculpível / Sculpting Steel;https://www.vilacelta.com.br/?view=ecom/itens&tcg=1&txt_edicao=202,https://www.vilacelta.com.br/?view=ecom/item&tcg=1&card=6476;Mirrodin;;;7,95;PT/EN   [Português / Inglês];MP   [Usada Moderadamente];
MPSKLD_23;Aço Esculpível / Sculpting Steel;https://www.vilacelta.com.br/?view=ecom/itens&tcg=1&txt_edicao=115515,https://www.vilacelta.com.br/?view=ecom/item&tcg=1&card=6476;Masterpiece Series: Kaladesh Inventions;;;;;;
RFBRO_50;Aço Esculpível / Sculpting Steel;https://www.vilacelta.com.br/?view=ecom/itens&tcg=1&txt_edicao=480100,https://www.vilacelta.com.br/?view=ecom/item&tcg=1&card=6476;A Guerra dos Irmaos (Retro Frame Artifacts);;;11,9;PT/EN   [Português / Inglês];NM   [Praticamente Nova];Foil
RFBRO_50;Aço Esculpível / Sculpting Steel;https://www.vilacelta.com.br/?view=ecom/itens&tcg=1&txt_edicao=480100,https://www.vilacelta.com.br/?view=ecom/item&tcg=1&card=6476;A Guerra dos Irmaos (Retro Frame Artifacts);;;4,95;PT/EN   [Português / Inglês];NM   [Praticamente Nova];
SMBRO_113;Aço Esculpível / Sculpting Steel;https://www.vilacelta.com.br/?view=ecom/itens&tcg=1&txt_edicao=480101,https://www.vilacelta.com.br/?view=ecom/item&tcg=1&card=6476;A Guerra dos Irmaos (Schematic);;;;;;
SEBRO_113;Aço Esculpível / Sculpting Steel;https://www.vilacelta.com.br/?view=ecom/itens&tcg=1&txt_edicao=480117,https://www.vilacelta.com.br/?view=ecom/item&tcg=1&card=6476;A Guerra dos Irmaos (Serialized);;;;;;
MOC_374;;https://www.vilacelta.com.br/?view=ecom/admin/stats/bestsellers&tcg=1&search_extras=0&page=10&position=935&search_period=1&search_date=11/03/2024#935,https://www.vilacelta.com.br/?view=ecom/itens&tcg=1&txt_edicao=480190,https://www.vilacelta.com.br/?view=ecom/item&tcg=1&card=6476;Marcha das Maquinas: Commander;;9;4,5;PT/EN   [Português / Inglês];NM   [Praticamente Nova];
ASBRO_76;Aço Esculpível (Art Card com Assinatura) / Sculpting Steel (Art Card with Signature);https://www.vilacelta.com.br/?view=ecom/itens&tcg=1&txt_edicao=480041,https://www.vilacelta.com.br/?view=ecom/item&tcg=1&card=67226;A Guerra dos Irmaos (Art Series);;;;;;
ASBRO_76;Aço Esculpível (Art Card) / Sculpting Steel (Art Card);https://www.vilacelta.com.br/?view=ecom/itens&tcg=1&txt_edicao=480041,https://www.vilacelta.com.br/?view=ecom/item&tcg=1&card=67304;A Guerra dos Irmaos (Art Series);;;;;;
MGDC_5;Aço Temperado / Tempered Steel;https://www.vilacelta.com.br/?view=ecom/itens&tcg=1&txt_edicao=283,https://www.vilacelta.com.br/?view=ecom/item&tcg=1&card=638;Magic Game Day Cards;;;;;;
MKM_83;;https://www.vilacelta.com.br/?view=ecom/admin/stats/bestsellers&tcg=1&search_extras=0&page=4&position=313&search_period=1&search_date=11/03/2024#313,https://www.vilacelta.com.br/?view=ecom/itens&tcg=1&txt_edicao=480392,https://www.vilacelta.com.br/?view=ecom/item&tcg=1&card=72579;Assassinato na Mansao Karlov;;2;13,9;PT/EN   [Português / Inglês];NM   [Praticamente Nova];
EAMKM_399;Acobertamento Mortal / Deadly Cover-Up;https://www.vilacelta.com.br/?view=ecom/itens&tcg=1&txt_edicao=480420,https://www.vilacelta.com.br/?view=ecom/item&tcg=1&card=72579;Assassinato na Mansao Karlov (Extended Art);;;;;;
TR_85;Açoitador da Alma / Soul Scourge;https://www.vilacelta.com.br/?view=ecom/itens&tcg=1&txt_edicao=207,https://www.vilacelta.com.br/?view=ecom/item&tcg=1&card=7410;Tormento;;;;;;
LW_183;Açoitar / Lash Out;https://www.vilacelta.com.br/?view=ecom/itens&tcg=1&txt_edicao=188,https://www.vilacelta.com.br/?view=ecom/item&tcg=1&card=2879;Lorwyn;;;;;;
PLIST_141;Açoitar / Lash Out;https://www.vilacelta.com.br/?view=ecom/itens&tcg=1&txt_edicao=479828,https://www.vilacelta.com.br/?view=ecom/item&tcg=1&card=2879;The List;;4;0,46;PT/EN   [Português / Inglês];NM   [Praticamente Nova];
AI_58;Açoitar a Mente / Thought Lash;https://www.vilacelta.com.br/?view=ecom/itens&tcg=1&txt_edicao=194,https://www.vilacelta.com.br/?view=ecom/item&tcg=1&card=3981;Aliancas;;;;;;
CBAFC_300;Açoite Demoníaco / Fiendlash;https://www.vilacelta.com.br/?view=ecom/itens&tcg=1&txt_edicao=479863,https://www.vilacelta.com.br/?view=ecom/item&tcg=1&card=60789;Forgotten Realms Commander (Variantes);;;;;;
YCLB_91;Açoite Demoníaco / Fiendlash;https://www.vilacelta.com.br/?view=ecom/itens&tcg=1&txt_edicao=479990,https://www.vilacelta.com.br/?view=ecom/item&tcg=1&card=60789;Alchemy Horizons: Portal de Baldur;;;;;;
BLTR_408;Açoite do Balrog / Lash of the Balrog;https://www.vilacelta.com.br/?view=ecom/itens&tcg=1&txt_edicao=480231,https://www.vilacelta.com.br/?view=ecom/item&tcg=1&card=69295;O Senhor dos Aneis: Contos da Terra Media (Borderless Scene);;1;1,95;PT/EN   [Português / Inglês];NM   [Praticamente Nova];Foil
BLTR_408;Açoite do Balrog / Lash of the Balrog;https://www.vilacelta.com.br/?view=ecom/itens&tcg=1&txt_edicao=480231,https://www.vilacelta.com.br/?view=ecom/item&tcg=1&card=69295;O Senhor dos Aneis: Contos da Terra Media (Borderless Scene);;1;0,95;PT/EN   [Português / Inglês];NM   [Praticamente Nova];
SSLTR_543;Açoite do Balrog / Lash of the Balrog;https://www.vilacelta.com.br/?view=ecom/itens&tcg=1&txt_edicao=480316,https://www.vilacelta.com.br/?view=ecom/item&tcg=1&card=69295;O Senhor dos Aneis: Contos da Terra Media (Showcase Scrolls);;;;;;
M21CB_287;Acólita de Basri / Basri's Acolyte;https://www.vilacelta.com.br/?view=ecom/itens&tcg=1&txt_edicao=479809,https://www.vilacelta.com.br/?view=ecom/item&tcg=1&card=56689;Core Set 2021 (Variantes);;1;3,02;PT      [Português];NM   [Praticamente Nova];Foil
M21CB_287;Acólita de Basri / Basri's Acolyte;https://www.vilacelta.com.br/?view=ecom/itens&tcg=1&txt_edicao=479809,https://www.vilacelta.com.br/?view=ecom/item&tcg=1&card=56689;Core Set 2021 (Variantes);;15;0,66;PT/EN   [Português / Inglês];NM   [Praticamente Nova];
SKMH2_361;Acólita do Arcus / Arcus Acolyte;https://www.vilacelta.com.br/?view=ecom/itens&tcg=1&txt_edicao=479859,https://www.vilacelta.com.br/?view=ecom/item&tcg=1&card=60145;Modern Horizons 2 (Sketch);;1;2,45;PT/EN   [Português / Inglês];NM   [Praticamente Nova];Foil
SKMH2_361;Acólita do Arcus / Arcus Acolyte;https://www.vilacelta.com.br/?view=ecom/itens&tcg=1&txt_edicao=479859,https://www.vilacelta.com.br/?view=ecom/item&tcg=1&card=60145;Modern Horizons 2 (Sketch);;16;1,25;PT/EN   [Português / Inglês];NM   [Praticamente Nova];
MAJ21_678;Acólita do Arcus / Arcus Acolyte;https://www.vilacelta.com.br/?view=ecom/itens&tcg=1&txt_edicao=479868,https://www.vilacelta.com.br/?view=ecom/item&tcg=1&card=60145;Jumpstart: Historic Horizons;;;;;;
ASMH2_44;Acólita do Arcus (Art Card com Assinatura) / Arcus Acolyte (Art Card com Assinatura);https://www.vilacelta.com.br/?view=ecom/itens&tcg=1&txt_edicao=479860,https://www.vilacelta.com.br/?view=ecom/item&tcg=1&card=60243;Modern Horizons 2 (Art Series);;;;;;
ASMH2_44B;Acólita do Arcus (Art Card) / Arcus Acolyte (Art Card);https://www.vilacelta.com.br/?view=ecom/itens&tcg=1&txt_edicao=479860,https://www.vilacelta.com.br/?view=ecom/item&tcg=1&card=60364;Modern Horizons 2 (Art Series);;;;;;
PO2_143;Acólita do Tempo / Temple Acolyte;https://www.vilacelta.com.br/?view=ecom/itens&tcg=1&txt_edicao=277,https://www.vilacelta.com.br/?view=ecom/item&tcg=1&card=17119;Portal Segunda Era;;;;;;
CELD_300;Acólita Rosespina // Ritual Sazonal / Rosethorn Acolyte // Seasonal Ritual;https://www.vilacelta.com.br/?view=ecom/itens&tcg=1&txt_edicao=479774,https://www.vilacelta.com.br/?view=ecom/item&tcg=1&card=54993;Trono de Eldraine (Variantes);;;2,45;PT      [Português];NM   [Praticamente Nova];Foil
CELD_300;Acólita Rosespina // Ritual Sazonal / Rosethorn Acolyte // Seasonal Ritual;https://www.vilacelta.com.br/?view=ecom/itens&tcg=1&txt_edicao=479774,https://www.vilacelta.com.br/?view=ecom/item&tcg=1&card=54993;Trono de Eldraine (Variantes);;;1,72;PT/EN   [Português / Inglês];NM   [Praticamente Nova];
VNEC_64;Acólito Ascendente / Ascendant Acolyte;https://www.vilacelta.com.br/?view=ecom/itens&tcg=1&txt_edicao=479893,https://www.vilacelta.com.br/?view=ecom/item&tcg=1&card=62972;Kamigawa: Dinastia Neon (Commander Variantes);;;;;;
LW_181;Acólito Chama-Interna / Inner-Flame Acolyte;https://www.vilacelta.com.br/?view=ecom/itens&tcg=1&txt_edicao=188,https://www.vilacelta.com.br/?view=ecom/item&tcg=1&card=2877;Lorwyn;;;;;;
DDAJVC_41;Acólito Chama-Interna / Inner-Flame Acolyte;https://www.vilacelta.com.br/?view=ecom/itens&tcg=1&txt_edicao=43494,https://www.vilacelta.com.br/?view=ecom/item&tcg=1&card=2877;Duel Decks Anthology: Jace vs. Chandra;;3;0,6;PT/EN   [Português / Inglês];SP   [Usada Levemente];
FECLB_513;Acólito de Bahamut / Acolyte of Bahamut;https://www.vilacelta.com.br/?view=ecom/itens&tcg=1&txt_edicao=479915,https://www.vilacelta.com.br/?view=ecom/item&tcg=1&card=64110;Commander Legends: Batalha por Portal de Baldur (Foil Etched);;;2,73;PT/EN   [Português / Inglês];NM   [Praticamente Nova];Foil Especial / Foil Etched
MBP_78;Acólito de Carametra / Karametra's Acolyte;https://www.vilacelta.com.br/?view=ecom/itens&tcg=1&txt_edicao=308,https://www.vilacelta.com.br/?view=ecom/item&tcg=1&card=27639;Media Inserts (EN);;;;;;
UL_108;Acólito de Multani / Multani's Acolyte;https://www.vilacelta.com.br/?view=ecom/itens&tcg=1&txt_edicao=215,https://www.vilacelta.com.br/?view=ecom/item&tcg=1&card=9483;O Legado de Urza;;3;0,7;PT/EN   [Português / Inglês];MP   [Usada Moderadamente];
UL_108;Acólito de Multani / Multani's Acolyte;https://www.vilacelta.com.br/?view=ecom/itens&tcg=1&txt_edicao=215,https://www.vilacelta.com.br/?view=ecom/item&tcg=1&card=9483;O Legado de Urza;;3;0,6;PT/EN   [Português / Inglês];HP   [Muito Usada];
IN_22;Acólito de Obsidiana / Obsidian Acolyte;https://www.vilacelta.com.br/?view=ecom/itens&tcg=1&txt_edicao=315,https://www.vilacelta.com.br/?view=ecom/item&tcg=1&card=8134;Invasao;;;14,9;PT/EN   [Português / Inglês];MP   [Usada Moderadamente];
MB1_827;Acólito de Windgrace / Windgrace Acolyte;https://www.vilacelta.com.br/?view=ecom/itens&tcg=1&txt_edicao=479791,https://www.vilacelta.com.br/?view=ecom/item&tcg=1&card=49510;Mystery Booster;;1;0,4;PT/EN   [Português / Inglês];NM   [Praticamente Nova];
IN_11;Acólito Escarlate / Crimson Acolyte;https://www.vilacelta.com.br/?view=ecom/itens&tcg=1&txt_edicao=315,https://www.vilacelta.com.br/?view=ecom/item&tcg=1&card=8123;Invasao;;;16,9;PT/EN   [Português / Inglês];D    [Danificada];
IN_11;Acólito Escarlate / Crimson Acolyte;https://www.vilacelta.com.br/?view=ecom/itens&tcg=1&txt_edicao=315,https://www.vilacelta.com.br/?view=ecom/item&tcg=1&card=8123;Invasao;;1;22,9;PT/EN   [Português / Inglês];MP   [Usada Moderadamente];
DS_89;Acólito Viridiano / Viridian Acolyte;https://www.vilacelta.com.br/?view=ecom/itens&tcg=1&txt_edicao=201,https://www.vilacelta.com.br/?view=ecom/item&tcg=1&card=6162;Darksteel;;;;;;
FE2X2_484;Acompanhante Destemido / Dauntless Escort;https://www.vilacelta.com.br/?view=ecom/itens&tcg=1&txt_edicao=479983,https://www.vilacelta.com.br/?view=ecom/item&tcg=1&card=1592;Double Masters 2022 (Foil Etched);;;;;;
SOI_88;Acordar no Susto / Startled Awake;https://www.vilacelta.com.br/?view=ecom/itens&tcg=1&txt_edicao=79577,https://www.vilacelta.com.br/?view=ecom/item&tcg=1&card=35479;Sombras em Innistrad;;12;7,95;PT/EN   [Português / Inglês];NM   [Praticamente Nova];
SIR_90;Acordar no Susto / Startled Awake;https://www.vilacelta.com.br/?view=ecom/itens&tcg=1&txt_edicao=480197,https://www.vilacelta.com.br/?view=ecom/item&tcg=1&card=35479;Shadows over Innistrad: Remastered;;;;;;
VLTC_154;Acordar o Dragão / Wake the Dragon;https://www.vilacelta.com.br/?view=ecom/itens&tcg=1&txt_edicao=480239,https://www.vilacelta.com.br/?view=ecom/item&tcg=1&card=69228;Contos da Terra Media Commander (Variants);;;;;;
SSLTC_484;Acordar o Dragão / Wake the Dragon;https://www.vilacelta.com.br/?view=ecom/itens&tcg=1&txt_edicao=480321,https://www.vilacelta.com.br/?view=ecom/item&tcg=1&card=69228;Contos da Terra Media Commander (Showcase Scrolls);;;;;;
SKMH2_340;Acordar para a Vida / Rise and Shine;https://www.vilacelta.com.br/?view=ecom/itens&tcg=1&txt_edicao=479859,https://www.vilacelta.com.br/?view=ecom/item&tcg=1&card=59958;Modern Horizons 2 (Sketch);;2;3,45;PT/EN   [Português / Inglês];NM   [Praticamente Nova];
MAJ21_238;Acordar para a Vida / Rise and Shine;https://www.vilacelta.com.br/?view=ecom/itens&tcg=1&txt_edicao=479868,https://www.vilacelta.com.br/?view=ecom/item&tcg=1&card=59958;Jumpstart: Historic Horizons;;;;;;
ASMH2_18;Acordar para a Vida (Art Card com Assinatura) / Rise and Shine (Art Card com Assinatura);https://www.vilacelta.com.br/?view=ecom/itens&tcg=1&txt_edicao=479860,https://www.vilacelta.com.br/?view=ecom/item&tcg=1&card=60290;Modern Horizons 2 (Art Series);;;;;;
ASMH2_18B;Acordar para a Vida (Art Card) / Rise and Shine (Art Card);https://www.vilacelta.com.br/?view=ecom/itens&tcg=1&txt_edicao=479860,https://www.vilacelta.com.br/?view=ecom/item&tcg=1&card=60338;Modern Horizons 2 (Art Series);;;;;;
PR2XM_384;Acorde do Chamado / Chord of Calling;https://www.vilacelta.com.br/?view=ecom/itens&tcg=1&txt_edicao=479805,https://www.vilacelta.com.br/?view=ecom/item&tcg=1&card=5063;Double Masters (Promo);;;29,9;ING     [Inglês];NM   [Praticamente Nova];Buy A Box
PR30_13;Acorde do Chamado / Chord of Calling;https://www.vilacelta.com.br/?view=ecom/itens&tcg=1&txt_edicao=480016,https://www.vilacelta.com.br/?view=ecom/item&tcg=1&card=5063;30th Anniversary Promos;;;;;;
RFRVR_345;Acorde do Chamado / Chord of Calling;https://www.vilacelta.com.br/?view=ecom/itens&tcg=1&txt_edicao=480407,https://www.vilacelta.com.br/?view=ecom/item&tcg=1&card=5063;Ravnica Remasterizada (Moldura Retro);;;;;;
SRVR_345;Acorde do Chamado / Chord of Calling;https://www.vilacelta.com.br/?view=ecom/itens&tcg=1&txt_edicao=480408,https://www.vilacelta.com.br/?view=ecom/item&tcg=1&card=5063;Ravnica Remasterizada (Serialized);;;;;;
SLC177_2;Acordo Angelical / Angelic Accord;https://www.vilacelta.com.br/?view=ecom/itens&tcg=1&txt_edicao=480370,https://www.vilacelta.com.br/?view=ecom/item&tcg=1&card=27401;Secret Lair Commander: Angels: They're Just Like Us but Cooler and with Wings;;;;;;
DI_122;Acordo Paliativo / Palliation Accord;https://www.vilacelta.com.br/?view=ecom/itens&tcg=1&txt_edicao=195,https://www.vilacelta.com.br/?view=ecom/item&tcg=1&card=4674;Insurreicao;;;;;;
PLIST_241;Acorn Catapult;https://www.vilacelta.com.br/?view=ecom/itens&tcg=1&txt_edicao=479828,https://www.vilacelta.com.br/?view=ecom/item&tcg=1&card=18413;The List;;;42,9;PT/EN   [Português / Inglês];NM   [Praticamente Nova];
PLIST_894;Acornelia, Fashionable Filcher;https://www.vilacelta.com.br/?view=ecom/itens&tcg=1&txt_edicao=479828,https://www.vilacelta.com.br/?view=ecom/item&tcg=1&card=56188;The List;;;;;;
PTC_93;Açougueiro da Horda / Butcher of the Horde;https://www.vilacelta.com.br/?view=ecom/itens&tcg=1&txt_edicao=286,https://www.vilacelta.com.br/?view=ecom/item&tcg=1&card=30080;Prerelease Events;;;;;;
US_162;Acovardar / Unnerve;https://www.vilacelta.com.br/?view=ecom/itens&tcg=1&txt_edicao=216,https://www.vilacelta.com.br/?view=ecom/item&tcg=1&card=9680;A Saga de Urza;;;0,75;PT/EN   [Português / Inglês];NM   [Praticamente Nova];
BR_91;Acovardar / Unnerve;https://www.vilacelta.com.br/?view=ecom/itens&tcg=1&txt_edicao=268,https://www.vilacelta.com.br/?view=ecom/item&tcg=1&card=9680;Battle Royale Box Set;;;;;;
SFPIP_581;Acquired Mutation;https://www.vilacelta.com.br/?view=ecom/itens&tcg=1&txt_edicao=480437,https://www.vilacelta.com.br/?view=ecom/item&tcg=1&card=73062;Fallout (Surge Foil);;;;;;
US_230;Acrídio / Acridian;https://www.vilacelta.com.br/?view=ecom/itens&tcg=1&txt_edicao=216,https://www.vilacelta.com.br/?view=ecom/item&tcg=1&card=9748;A Saga de Urza;;;;;;
EXCLB_556;Acrobacia de Lae'zel / Lae'zel's Acrobatics;https://www.vilacelta.com.br/?view=ecom/itens&tcg=1&txt_edicao=479914,https://www.vilacelta.com.br/?view=ecom/item&tcg=1&card=64136;Commander Legends: Batalha por Portal de Baldur (Extended Art);;;;;;
YCLB_187;Acrobacia de Lae'zel / Lae'zel's Acrobatics;https://www.vilacelta.com.br/?view=ecom/itens&tcg=1&txt_edicao=479990,https://www.vilacelta.com.br/?view=ecom/item&tcg=1&card=64136;Alchemy Horizons: Portal de Baldur;;;;;;
MB1_474;Acrobatas de Roda D'água / Riverwheel Aerialists;https://www.vilacelta.com.br/?view=ecom/itens&tcg=1&txt_edicao=479791,https://www.vilacelta.com.br/?view=ecom/item&tcg=1&card=30181;Mystery Booster;;1;0,33;PT/EN   [Português / Inglês];NM   [Praticamente Nova];
US_22;Acrólita de Opala / Opal Acrolith;https://www.vilacelta.com.br/?view=ecom/itens&tcg=1&txt_edicao=216,https://www.vilacelta.com.br/?view=ecom/item&tcg=1&card=9540;A Saga de Urza;;;;;;
LG_3;Active Volcano;https://www.vilacelta.com.br/?view=ecom/itens&tcg=1&txt_edicao=226,https://www.vilacelta.com.br/?view=ecom/item&tcg=1&card=11764;Legends;;;;;;
CH_2;Active Volcano;https://www.vilacelta.com.br/?view=ecom/itens&tcg=1&txt_edicao=262,https://www.vilacelta.com.br/?view=ecom/item&tcg=1&card=11764;Chronicles;;;;;;
LG_90;Acúleo da Força / Force Spike;https://www.vilacelta.com.br/?view=ecom/itens&tcg=1&txt_edicao=226,https://www.vilacelta.com.br/?view=ecom/item&tcg=1&card=11692;Legends;;;19,9;PT/EN   [Português / Inglês];MP   [Usada Moderadamente];
FNMP_91;Acúleo da Força / Force Spike;https://www.vilacelta.com.br/?view=ecom/itens&tcg=1&txt_edicao=297,https://www.vilacelta.com.br/?view=ecom/item&tcg=1&card=11692;Friday Night Magic;;;;;;
5E_148;Acúleo da Força / Force Spike;https://www.vilacelta.com.br/?view=ecom/itens&tcg=1&txt_edicao=312,https://www.vilacelta.com.br/?view=ecom/item&tcg=1&card=11692;Quinta Edicao;;;;;;
7E_76;Acúleo da Força / Force Spike;https://www.vilacelta.com.br/?view=ecom/itens&tcg=1&txt_edicao=322,https://www.vilacelta.com.br/?view=ecom/item&tcg=1&card=11692;Setima Edicao;;;2,2;PT/EN   [Português / Inglês];SP   [Usada Levemente];
WCD_19980406;Acúleo da Força / Force Spike;https://www.vilacelta.com.br/?view=ecom/itens&tcg=1&txt_edicao=440839,https://www.vilacelta.com.br/?view=ecom/item&tcg=1&card=11692;World Championship Decks;;;;;;
MAJ21_999-PI;Acúleo da Força / Force Spike;https://www.vilacelta.com.br/?view=ecom/itens&tcg=1&txt_edicao=479868,https://www.vilacelta.com.br/?view=ecom/item&tcg=1&card=11692;Jumpstart: Historic Horizons;;;;;;
WCD_20040431;Acúleo da Força (RB-98) / Force Spike (RB-98);https://www.vilacelta.com.br/?view=ecom/itens&tcg=1&txt_edicao=440839,https://www.vilacelta.com.br/?view=ecom/item&tcg=1&card=54883;World Championship Decks;;;;;;
TP_89;Acumulador / Energizer;https://www.vilacelta.com.br/?view=ecom/itens&tcg=1&txt_edicao=219,https://www.vilacelta.com.br/?view=ecom/item&tcg=1&card=10429;Tempestade;;;;;;
MB1_284;Acumular Componentes / Amass the Components;https://www.vilacelta.com.br/?view=ecom/itens&tcg=1&txt_edicao=479791,https://www.vilacelta.com.br/?view=ecom/item&tcg=1&card=25055;Mystery Booster;;1;0,4;PT/EN   [Português / Inglês];NM   [Praticamente Nova];
MFMKM_294;Acusação Dramática / Dramatic Accusation;https://www.vilacelta.com.br/?view=ecom/itens&tcg=1&txt_edicao=480393,https://www.vilacelta.com.br/?view=ecom/item&tcg=1&card=72771;Assassinato na Mansao Karlov (Magnified);;1;1,95;PT/EN   [Português / Inglês];NM   [Praticamente Nova];Foil
MFMKM_294;Acusação Dramática / Dramatic Accusation;https://www.vilacelta.com.br/?view=ecom/itens&tcg=1&txt_edicao=480393,https://www.vilacelta.com.br/?view=ecom/item&tcg=1&card=72771;Assassinato na Mansao Karlov (Magnified);;5;0,95;PT/EN   [Português / Inglês];NM   [Praticamente Nova];
MR_2;Adaga Ácida / Acidic Dagger;https://www.vilacelta.com.br/?view=ecom/itens&tcg=1&txt_edicao=222,https://www.vilacelta.com.br/?view=ecom/item&tcg=1&card=11094;Miragem;;;;;;
PLIST_657;Adaga de Aço Sussurrante / Whispersteel Dagger;https://www.vilacelta.com.br/?view=ecom/itens&tcg=1&txt_edicao=479828,https://www.vilacelta.com.br/?view=ecom/item&tcg=1&card=57497;The List;;1;5,8;PT/EN   [Português / Inglês];NM   [Praticamente Nova];
AP_118;Adaga de Prata Fluente / Quicksilver Dagger;https://www.vilacelta.com.br/?view=ecom/itens&tcg=1&txt_edicao=209,https://www.vilacelta.com.br/?view=ecom/item&tcg=1&card=7936;Apocalipse;;;;;;
RFDMR_363;Adaga de Prata Fluente / Quicksilver Dagger;https://www.vilacelta.com.br/?view=ecom/itens&tcg=1&txt_edicao=480144,https://www.vilacelta.com.br/?view=ecom/item&tcg=1&card=7936;Dominaria Remastered (Retro Frame);;1;7,99;PT/EN   [Português / Inglês];NM   [Praticamente Nova];Foil
RFDMR_363;Adaga de Prata Fluente / Quicksilver Dagger;https://www.vilacelta.com.br/?view=ecom/itens&tcg=1&txt_edicao=480144,https://www.vilacelta.com.br/?view=ecom/item&tcg=1&card=7936;Dominaria Remastered (Retro Frame);;10;1,5;PT/EN   [Português / Inglês];NM   [Praticamente Nova];
XLN_235;Adaga de Radioestesia / Dowsing Dagger;https://www.vilacelta.com.br/?view=ecom/itens&tcg=1&txt_edicao=247714,https://www.vilacelta.com.br/?view=ecom/item&tcg=1&card=43943;Ixalan;;1;28,9;PT/EN   [Português / Inglês];D    [Danificada];Foil
XLN_235;Adaga de Radioestesia / Dowsing Dagger;https://www.vilacelta.com.br/?view=ecom/itens&tcg=1&txt_edicao=247714,https://www.vilacelta.com.br/?view=ecom/item&tcg=1&card=43943;Ixalan;;1;13,99;PT/EN   [Português / Inglês];D    [Danificada];
XLN_235;Adaga de Radioestesia / Dowsing Dagger;https://www.vilacelta.com.br/?view=ecom/itens&tcg=1&txt_edicao=247714,https://www.vilacelta.com.br/?view=ecom/item&tcg=1&card=43943;Ixalan;;2;19,83;PT/EN   [Português / Inglês];MP   [Usada Moderadamente];
XLN_235;Adaga de Radioestesia / Dowsing Dagger;https://www.vilacelta.com.br/?view=ecom/itens&tcg=1&txt_edicao=247714,https://www.vilacelta.com.br/?view=ecom/item&tcg=1&card=43943;Ixalan;;13;25,25;PT/EN   [Português / Inglês];NM   [Praticamente Nova];
XLN_235;Adaga de Radioestesia / Dowsing Dagger;https://www.vilacelta.com.br/?view=ecom/itens&tcg=1&txt_edicao=247714,https://www.vilacelta.com.br/?view=ecom/item&tcg=1&card=43943;Ixalan;;5;59,9;PT/EN   [Português / Inglês];NM   [Praticamente Nova];Foil
SLC169_79;Adaga de Radioestesia / Dowsing Dagger;https://www.vilacelta.com.br/?view=ecom/itens&tcg=1&txt_edicao=480245,https://www.vilacelta.com.br/?view=ecom/item&tcg=1&card=43943;Secret Lair Commander: From Cute to Brute;;;;;;
