GK2A_17;Alcatéia das Nuvens / Pride of the Clouds;https://www.vilacelta.com.br/?view=ecom/itens&tcg=1&txt_edicao=479753,https://www.vilacelta.com.br/?view=ecom/item&tcg=1&card=4677;Kit de Guilda: Azorius;;;;;;
MB1_976;Alcateia de Hienas / Hyena Pack;https://www.vilacelta.com.br/?view=ecom/itens&tcg=1&txt_edicao=479791,https://www.vilacelta.com.br/?view=ecom/item&tcg=1&card=40614;Mystery Booster;;;;;;
IN_275;Alcatrão Fumegante / Smoldering Tar;https://www.vilacelta.com.br/?view=ecom/itens&tcg=1&txt_edicao=315,https://www.vilacelta.com.br/?view=ecom/item&tcg=1&card=8516;Invasao;;;1.000,00;;;
VLTC_124;Alce da Floresta das Trevas / Mirkwood Elk;https://www.vilacelta.com.br/?view=ecom/itens&tcg=1&txt_edicao=480239,https://www.vilacelta.com.br/?view=ecom/item&tcg=1&card=69199;Contos da Terra Media Commander (Variants);;;;;;
SSLTC_443;Alce da Floresta das Trevas / Mirkwood Elk;https://www.vilacelta.com.br/?view=ecom/itens&tcg=1&txt_edicao=480321,https://www.vilacelta.com.br/?view=ecom/item&tcg=1&card=69199;Contos da Terra Media Commander (Showcase Scrolls);;;;;;
LG_11;Alchor's Tomb;https://www.vilacelta.com.br/?view=ecom/itens&tcg=1&txt_edicao=226,https://www.vilacelta.com.br/?view=ecom/item&tcg=1&card=11848;Legends;;;;;;
DKA_125;Aldeão Menosprezado / Scorned Villager;https://www.vilacelta.com.br/?view=ecom/itens&tcg=1&txt_edicao=310,https://www.vilacelta.com.br/?view=ecom/item&tcg=1&card=24271;Ascensao das Trevas;;;;;;
VOW_157;Aldeão Temeroso / Fearful Villager;https://www.vilacelta.com.br/?view=ecom/itens&tcg=1&txt_edicao=479876,https://www.vilacelta.com.br/?view=ecom/item&tcg=1&card=61863;Innistrad: Voto Carmesim;;2;0,91;PT/EN   [Português / Inglês];NM   [Praticamente Nova];Foil
VOW_157;Aldeão Temeroso / Fearful Villager;https://www.vilacelta.com.br/?view=ecom/itens&tcg=1&txt_edicao=479876,https://www.vilacelta.com.br/?view=ecom/item&tcg=1&card=61863;Innistrad: Voto Carmesim;;51;0,30;PT/EN   [Português / Inglês];NM   [Praticamente Nova];
DBL_424;Aldeão Temeroso / Fearful Villager;https://www.vilacelta.com.br/?view=ecom/itens&tcg=1&txt_edicao=479882,https://www.vilacelta.com.br/?view=ecom/item&tcg=1&card=61863;Innistrad: Double Feature;;;;;;
HL_111;Aldeia de An-Havva / An-Havva Township;https://www.vilacelta.com.br/?view=ecom/itens&tcg=1&txt_edicao=223,https://www.vilacelta.com.br/?view=ecom/item&tcg=1&card=11324;Terras Natais;;;;;;
EAWHO_497;Aldeia Fortificada / Fortified Village;https://www.vilacelta.com.br/?view=ecom/itens&tcg=1&txt_edicao=480330,https://www.vilacelta.com.br/?view=ecom/item&tcg=1&card=35554;Doctor Who (Extended Art);;;;;;
ESWHO_1088;Aldeia Fortificada / Fortified Village;https://www.vilacelta.com.br/?view=ecom/itens&tcg=1&txt_edicao=480331,https://www.vilacelta.com.br/?view=ecom/item&tcg=1&card=35554;Doctor Who (Extended Art Surge Foil);;;;;;
SFWHO_871;Aldeia Fortificada / Fortified Village;https://www.vilacelta.com.br/?view=ecom/itens&tcg=1&txt_edicao=480333,https://www.vilacelta.com.br/?view=ecom/item&tcg=1&card=35554;Doctor Who (Surge Foil);;;;;;
SLC207_22;Aldeia Fortificada / Fortified Village;https://www.vilacelta.com.br/?view=ecom/itens&tcg=1&txt_edicao=480446,https://www.vilacelta.com.br/?view=ecom/item&tcg=1&card=35554;Secret Lair Commander: Raining Cats and Dogs;;;;;;
UL_143;Aldeia nas Copas / Treetop Village;https://www.vilacelta.com.br/?view=ecom/itens&tcg=1&txt_edicao=215,https://www.vilacelta.com.br/?view=ecom/item&tcg=1&card=9518;O Legado de Urza;;;3,95;PT/EN   [Português / Inglês];HP   [Muito Usada];
UL_143;Aldeia nas Copas / Treetop Village;https://www.vilacelta.com.br/?view=ecom/itens&tcg=1&txt_edicao=215,https://www.vilacelta.com.br/?view=ecom/item&tcg=1&card=9518;O Legado de Urza;;;4,10;PT/EN   [Português / Inglês];SP   [Usada Levemente];
SUM_2;Aldeia nas Copas / Treetop Village;https://www.vilacelta.com.br/?view=ecom/itens&tcg=1&txt_edicao=289,https://www.vilacelta.com.br/?view=ecom/item&tcg=1&card=9518;Summer of Magic;;;;;;
FNMP_50;Aldeia nas Copas / Treetop Village;https://www.vilacelta.com.br/?view=ecom/itens&tcg=1&txt_edicao=297,https://www.vilacelta.com.br/?view=ecom/item&tcg=1&card=9518;Friday Night Magic;;;29,44;PT/EN   [Português / Inglês];NM   [Praticamente Nova];Foil
JRE_1;Aldeia nas Copas / Treetop Village;https://www.vilacelta.com.br/?view=ecom/itens&tcg=1&txt_edicao=346,https://www.vilacelta.com.br/?view=ecom/item&tcg=1&card=9518;Japanese Release Events;;;;;;
DDAGVL_27;Aldeia nas Copas / Treetop Village;https://www.vilacelta.com.br/?view=ecom/itens&tcg=1&txt_edicao=43493,https://www.vilacelta.com.br/?view=ecom/item&tcg=1&card=9518;Duel Decks Anthology: Garruk vs. Liliana;;;2,10;PT/EN   [Português / Inglês];NM   [Praticamente Nova];
WCD_19990313;Aldeia nas Copas / Treetop Village;https://www.vilacelta.com.br/?view=ecom/itens&tcg=1&txt_edicao=440839,https://www.vilacelta.com.br/?view=ecom/item&tcg=1&card=9518;World Championship Decks;;;;;;
WCD_20040436;Aldeia nas Copas (ML-99) / Treetop Village (ML-99);https://www.vilacelta.com.br/?view=ecom/itens&tcg=1&txt_edicao=440839,https://www.vilacelta.com.br/?view=ecom/item&tcg=1&card=54893;World Championship Decks;;;;;;
ISD_209;Aldeões de Estwald / Villagers of Estwald;https://www.vilacelta.com.br/?view=ecom/itens&tcg=1&txt_edicao=175,https://www.vilacelta.com.br/?view=ecom/item&tcg=1&card=228;Innistrad;;;;;;
MR_7;Aleatório / Aleatory;https://www.vilacelta.com.br/?view=ecom/itens&tcg=1&txt_edicao=222,https://www.vilacelta.com.br/?view=ecom/item&tcg=1&card=10993;Miragem;;;;;;
ELD_198;;https://www.vilacelta.com.br/?view=ecom/admin/stats/bestsellers&tcg=1&search_extras=0&page=3&position=276&search_period=1&search_date=11/03/2024#276,https://www.vilacelta.com.br/?view=ecom/itens&tcg=1&txt_edicao=479771,https://www.vilacelta.com.br/?view=ecom/item&tcg=1&card=55196;Trono de Eldraine;;2;4,95;PT/EN   [Português / Inglês];NM   [Praticamente Nova];
CELD_382;Alegria dos Fora da Lei / Outlaws' Merriment;https://www.vilacelta.com.br/?view=ecom/itens&tcg=1&txt_edicao=479774,https://www.vilacelta.com.br/?view=ecom/item&tcg=1&card=55196;Trono de Eldraine (Variantes);;;;;;
PLIST_737;Alegria dos Fora da Lei / Outlaws' Merriment;https://www.vilacelta.com.br/?view=ecom/itens&tcg=1&txt_edicao=479828,https://www.vilacelta.com.br/?view=ecom/item&tcg=1&card=55196;The List;;;;;;
VWOC_1;Alela, Conquistadora Ardilosa / Alela, Cunning Conqueror;https://www.vilacelta.com.br/?view=ecom/itens&tcg=1&txt_edicao=480301,https://www.vilacelta.com.br/?view=ecom/item&tcg=1&card=70245;Terras Selvagens de Eldraine Commander (Variants);;;;;;
SLD160_1197;Alela, Provocadora Ardilosa / Alela, Artful Provocateur;https://www.vilacelta.com.br/?view=ecom/itens&tcg=1&txt_edicao=480195,https://www.vilacelta.com.br/?view=ecom/item&tcg=1&card=54995;Secret Lair Drop Series: Legendary Flyers (Not That Kind);;;;;;
EXBRO_340;Além das Trincheiras / Over the Top;https://www.vilacelta.com.br/?view=ecom/itens&tcg=1&txt_edicao=480043,https://www.vilacelta.com.br/?view=ecom/item&tcg=1&card=67113;A Guerra dos Irmaos (Extended Art);;;;;;
MT_149;Além Primordial / Primal Beyond;https://www.vilacelta.com.br/?view=ecom/itens&tcg=1&txt_edicao=187,https://www.vilacelta.com.br/?view=ecom/item&tcg=1&card=2695;Alvorecer;;1;14,90;PT/EN   [Português / Inglês];HP   [Muito Usada];
FECMR_570;Alena, Armadilheira de Kessig / Alena, Kessig Trapper;https://www.vilacelta.com.br/?view=ecom/itens&tcg=1&txt_edicao=479825,https://www.vilacelta.com.br/?view=ecom/item&tcg=1&card=57073;Commander Legends (Foil Etched);;;;;;
VVOC_49;Alento dos Insones / Breath of the Sleepless;https://www.vilacelta.com.br/?view=ecom/itens&tcg=1&txt_edicao=479880,https://www.vilacelta.com.br/?view=ecom/item&tcg=1&card=62103;Innistrad: Voto Carmesim (Commander Variantes);;;;;;
IA_39;Alento dos Sonhos / Breath of Dreams;https://www.vilacelta.com.br/?view=ecom/itens&tcg=1&txt_edicao=313,https://www.vilacelta.com.br/?view=ecom/item&tcg=1&card=4216;Era Glacial;;;;;;
P3K_1;Alert Shu Infantry;https://www.vilacelta.com.br/?view=ecom/itens&tcg=1&txt_edicao=276,https://www.vilacelta.com.br/?view=ecom/item&tcg=1&card=20489;Portal Three Kingdoms;;;;;;
PLIST_1424;Alerta Máximo / High Alert;https://www.vilacelta.com.br/?view=ecom/itens&tcg=1&txt_edicao=479828,https://www.vilacelta.com.br/?view=ecom/item&tcg=1&card=52755;The List;;;;;;
PTC_128;Alesha, a Que Sorri Para a Morte / Alesha, Who Smiles at Death;https://www.vilacelta.com.br/?view=ecom/itens&tcg=1&txt_edicao=286,https://www.vilacelta.com.br/?view=ecom/item&tcg=1&card=30692;Prerelease Events;;;;;;
MB1_837;Alesha, a Que Sorri Para a Morte / Alesha, Who Smiles at Death;https://www.vilacelta.com.br/?view=ecom/itens&tcg=1&txt_edicao=479791,https://www.vilacelta.com.br/?view=ecom/item&tcg=1&card=30692;Mystery Booster;;4;1,25;PT/EN   [Português / Inglês];NM   [Praticamente Nova];
SLD107_1007;Alesha, a Que Sorri Para a Morte / Alesha, Who Smiles at Death;https://www.vilacelta.com.br/?view=ecom/itens&tcg=1&txt_edicao=479924,https://www.vilacelta.com.br/?view=ecom/item&tcg=1&card=30692;Secret Lair Drop Series: Pride Across the Multiverse;;;;;;
FE2X2_447;Alesha, a Que Sorri Para a Morte / Alesha, Who Smiles at Death;https://www.vilacelta.com.br/?view=ecom/itens&tcg=1&txt_edicao=479983,https://www.vilacelta.com.br/?view=ecom/item&tcg=1&card=30692;Double Masters 2022 (Foil Etched);;;;;;
PLIST_895;Alexander Clamilton;https://www.vilacelta.com.br/?view=ecom/itens&tcg=1&txt_edicao=479828,https://www.vilacelta.com.br/?view=ecom/item&tcg=1&card=56189;The List;;;;;;
PR_28;Alexi, Maga Zefiriana / Alexi, Zephyr Mage;https://www.vilacelta.com.br/?view=ecom/itens&tcg=1&txt_edicao=211,https://www.vilacelta.com.br/?view=ecom/item&tcg=1&card=8624;Profecia;;;;;;
Y22_48;Alfa da Alcateia Geist / Geistpack Alpha;https://www.vilacelta.com.br/?view=ecom/itens&tcg=1&txt_edicao=479887,https://www.vilacelta.com.br/?view=ecom/item&tcg=1&card=62459;Alquimia: Innistrad;;;;;;
Y22_36;Alfa da Ira Sanguinária / Bloodrage Alpha;https://www.vilacelta.com.br/?view=ecom/itens&tcg=1&txt_edicao=479887,https://www.vilacelta.com.br/?view=ecom/item&tcg=1&card=62476;Alquimia: Innistrad;;;;;;
EMN_222;Alfas Reunidos (Intro Pack) / Assembled Alphas (Intro Pack);https://www.vilacelta.com.br/?view=ecom/itens&tcg=1&txt_edicao=81713,https://www.vilacelta.com.br/?view=ecom/item&tcg=1&card=57950;Lua Arcana;;;;;;
MT_1;Alferes de Ballyrush / Ballyrush Banneret;https://www.vilacelta.com.br/?view=ecom/itens&tcg=1&txt_edicao=187,https://www.vilacelta.com.br/?view=ecom/item&tcg=1&card=2547;Alvorecer;;;;;;
MT_64;Alferes de Lança-Sapos / Frogtosser Banneret;https://www.vilacelta.com.br/?view=ecom/itens&tcg=1&txt_edicao=187,https://www.vilacelta.com.br/?view=ecom/item&tcg=1&card=2610;Alvorecer;;1;0,70;PT/EN   [Português / Inglês];MP   [Usada Moderadamente];
MT_88;Alferes de Lareiluz / Brighthearth Banneret;https://www.vilacelta.com.br/?view=ecom/itens&tcg=1&txt_edicao=187,https://www.vilacelta.com.br/?view=ecom/item&tcg=1&card=2634;Alvorecer;;;;;;
MT_51;Alferes de Riacho Rochoso / Stonybrook Banneret;https://www.vilacelta.com.br/?view=ecom/itens&tcg=1&txt_edicao=187,https://www.vilacelta.com.br/?view=ecom/item&tcg=1&card=2597;Alvorecer;;;;;;
PLIST_79;Alferes de Riacho Rochoso / Stonybrook Banneret;https://www.vilacelta.com.br/?view=ecom/itens&tcg=1&txt_edicao=479828,https://www.vilacelta.com.br/?view=ecom/item&tcg=1&card=2597;The List;;;2,90;PT/EN   [Português / Inglês];NM   [Praticamente Nova];
MT_114;Alferes do Bosque / Bosk Banneret;https://www.vilacelta.com.br/?view=ecom/itens&tcg=1&txt_edicao=187,https://www.vilacelta.com.br/?view=ecom/item&tcg=1&card=2660;Alvorecer;;;;;;
RFRVR_340;Alfinetada nos Críticos / Skewer the Critics;https://www.vilacelta.com.br/?view=ecom/itens&tcg=1&txt_edicao=480407,https://www.vilacelta.com.br/?view=ecom/item&tcg=1&card=52845;Ravnica Remasterizada (Moldura Retro);;;;;;
AN_42;Alforjes de Jandor / Jandor's Saddlebags;https://www.vilacelta.com.br/?view=ecom/itens&tcg=1&txt_edicao=228,https://www.vilacelta.com.br/?view=ecom/item&tcg=1&card=12187;Arabian Nights;;;;;;
4E_172;Alforjes de Jandor / Jandor's Saddlebags;https://www.vilacelta.com.br/?view=ecom/itens&tcg=1&txt_edicao=236,https://www.vilacelta.com.br/?view=ecom/item&tcg=1&card=12187;Quarta Edicao;;;;;;
RV_134;Alforjes de Jandor / Jandor's Saddlebags;https://www.vilacelta.com.br/?view=ecom/itens&tcg=1&txt_edicao=237,https://www.vilacelta.com.br/?view=ecom/item&tcg=1&card=12187;Revised Edition;;;;;;
5E_214;Alforjes de Jandor / Jandor's Saddlebags;https://www.vilacelta.com.br/?view=ecom/itens&tcg=1&txt_edicao=312,https://www.vilacelta.com.br/?view=ecom/item&tcg=1&card=12187;Quinta Edicao;;;;;;
7E_304;Alforjes de Jandor / Jandor's Saddlebags;https://www.vilacelta.com.br/?view=ecom/itens&tcg=1&txt_edicao=322,https://www.vilacelta.com.br/?view=ecom/item&tcg=1&card=12187;Setima Edicao;;;;;;
4EB_172;Alforjes de Jandor / Jandor's Saddlebags;https://www.vilacelta.com.br/?view=ecom/itens&tcg=1&txt_edicao=338,https://www.vilacelta.com.br/?view=ecom/item&tcg=1&card=12187;Quarta Edicao (BB);;;;;;
RVB_257;Alforjes de Jandor / Jandor's Saddlebags;https://www.vilacelta.com.br/?view=ecom/itens&tcg=1&txt_edicao=351,https://www.vilacelta.com.br/?view=ecom/item&tcg=1&card=12187;Revised Edition (BB);;;;;;
SUMMER_257;Alforjes de Jandor / Jandor's Saddlebags;https://www.vilacelta.com.br/?view=ecom/itens&tcg=1&txt_edicao=377652,https://www.vilacelta.com.br/?view=ecom/item&tcg=1&card=12187;Revised Edition (Summer Magic Edgar);;;;;;
US_274;Algas Disseminadas / Spreading Algae;https://www.vilacelta.com.br/?view=ecom/itens&tcg=1&txt_edicao=216,https://www.vilacelta.com.br/?view=ecom/item&tcg=1&card=9792;A Saga de Urza;;;;;;
8E_281;Algas Disseminadas / Spreading Algae;https://www.vilacelta.com.br/?view=ecom/itens&tcg=1&txt_edicao=234,https://www.vilacelta.com.br/?view=ecom/item&tcg=1&card=9792;Oitava Edicao - Kit Basico;;;;;;
AP_14;Algemas da Degeneração / Manacles of Decay;https://www.vilacelta.com.br/?view=ecom/itens&tcg=1&txt_edicao=209,https://www.vilacelta.com.br/?view=ecom/item&tcg=1&card=7832;Apocalipse;;;;;;
CS_6;Algemas Gélidas / Gelid Shackles;https://www.vilacelta.com.br/?view=ecom/itens&tcg=1&txt_edicao=193,https://www.vilacelta.com.br/?view=ecom/item&tcg=1&card=3774;Frente Fria;;;;;;
PTC_85;Algoz Indulgente / Indulgent Tormentor;https://www.vilacelta.com.br/?view=ecom/itens&tcg=1&txt_edicao=286,https://www.vilacelta.com.br/?view=ecom/item&tcg=1&card=28812;Prerelease Events;;;;;;
PTC_199;Alhammarret, Juiz Supremo / Alhammarret, High Arbiter;https://www.vilacelta.com.br/?view=ecom/itens&tcg=1&txt_edicao=286,https://www.vilacelta.com.br/?view=ecom/item&tcg=1&card=31810;Prerelease Events;;;;;;
MBP_124;Alhammarret, Juiz Supremo / Alhammarret, High Arbiter;https://www.vilacelta.com.br/?view=ecom/itens&tcg=1&txt_edicao=308,https://www.vilacelta.com.br/?view=ecom/item&tcg=1&card=31810;Media Inserts (EN);;2;3,85;PT/EN   [Português / Inglês];NM   [Praticamente Nova];Foil
FECMR_548;Alharu, Ritualista Solene / Alharu, Solemn Ritualist;https://www.vilacelta.com.br/?view=ecom/itens&tcg=1&txt_edicao=479825,https://www.vilacelta.com.br/?view=ecom/item&tcg=1&card=57954;Commander Legends (Foil Etched);;;;;;
AN_5;Ali Babá / Ali Baba;https://www.vilacelta.com.br/?view=ecom/itens&tcg=1&txt_edicao=228,https://www.vilacelta.com.br/?view=ecom/item&tcg=1&card=12116;Arabian Nights;;;;;;
4E_6;Ali Babá / Ali Baba;https://www.vilacelta.com.br/?view=ecom/itens&tcg=1&txt_edicao=236,https://www.vilacelta.com.br/?view=ecom/item&tcg=1&card=12116;Quarta Edicao;;;;;;
4EB_6;Ali Babá / Ali Baba;https://www.vilacelta.com.br/?view=ecom/itens&tcg=1&txt_edicao=338,https://www.vilacelta.com.br/?view=ecom/item&tcg=1&card=12116;Quarta Edicao (BB);;;;;;
RE_3;Ali Babá / Ali Baba;https://www.vilacelta.com.br/?view=ecom/itens&tcg=1&txt_edicao=349,https://www.vilacelta.com.br/?view=ecom/item&tcg=1&card=12116;Renaissance;;;;;;
RI_3;Ali Babá / Ali Baba;https://www.vilacelta.com.br/?view=ecom/itens&tcg=1&txt_edicao=350,https://www.vilacelta.com.br/?view=ecom/item&tcg=1&card=12116;Rinascimento;;;;;;
AN_6;Ali from Cairo;https://www.vilacelta.com.br/?view=ecom/itens&tcg=1&txt_edicao=228,https://www.vilacelta.com.br/?view=ecom/item&tcg=1&card=12118;Arabian Nights;;;;;;
AN_6B;Ali from Cairo (Yellow Dot);https://www.vilacelta.com.br/?view=ecom/itens&tcg=1&txt_edicao=228,https://www.vilacelta.com.br/?view=ecom/item&tcg=1&card=62361;Arabian Nights;;;;;;
VMOC_98;Aliança Cavaleiresca / Chivalric Alliance;https://www.vilacelta.com.br/?view=ecom/itens&tcg=1&txt_edicao=480198,https://www.vilacelta.com.br/?view=ecom/item&tcg=1&card=68404;Marcha das Maquinas: Commander (Variants);;;;;;
VVOC_70;Aliança de Casamento / Wedding Ring;https://www.vilacelta.com.br/?view=ecom/itens&tcg=1&txt_edicao=479880,https://www.vilacelta.com.br/?view=ecom/item&tcg=1&card=61801;Innistrad: Voto Carmesim (Commander Variantes);;;;;;
EAWHO_468;Aliança de Casamento / Wedding Ring;https://www.vilacelta.com.br/?view=ecom/itens&tcg=1&txt_edicao=480330,https://www.vilacelta.com.br/?view=ecom/item&tcg=1&card=61801;Doctor Who (Extended Art);;;;;;
ESWHO_1059;Aliança de Casamento / Wedding Ring;https://www.vilacelta.com.br/?view=ecom/itens&tcg=1&txt_edicao=480331,https://www.vilacelta.com.br/?view=ecom/item&tcg=1&card=61801;Doctor Who (Extended Art Surge Foil);;;;;;
SFWHO_804;Aliança de Casamento / Wedding Ring;https://www.vilacelta.com.br/?view=ecom/itens&tcg=1&txt_edicao=480333,https://www.vilacelta.com.br/?view=ecom/item&tcg=1&card=61801;Doctor Who (Surge Foil);;;;;;
TTLCC_102;Aliança de Casamento / Wedding Ring;https://www.vilacelta.com.br/?view=ecom/itens&tcg=1&txt_edicao=480364,https://www.vilacelta.com.br/?view=ecom/item&tcg=1&card=61801;As Cavernas Perdidas de Ixalan Commander (Treasure Trove);;1;69,90;ING     [Inglês];NM   [Praticamente Nova];
PRELD_396;Aliança Impensável / Improbable Alliance;https://www.vilacelta.com.br/?view=ecom/itens&tcg=1&txt_edicao=479781,https://www.vilacelta.com.br/?view=ecom/item&tcg=1&card=55309;Trono de Eldraine (Promo);;5;1,75;PT      [Português];NM   [Praticamente Nova];Foil
PRELD_396;Aliança Impensável / Improbable Alliance;https://www.vilacelta.com.br/?view=ecom/itens&tcg=1&txt_edicao=479781,https://www.vilacelta.com.br/?view=ecom/item&tcg=1&card=55309;Trono de Eldraine (Promo);;7;1,75;PT/EN   [Português / Inglês];NM   [Praticamente Nova];
AI_28;Aliança Improvável / Unlikely Alliance;https://www.vilacelta.com.br/?view=ecom/itens&tcg=1&txt_edicao=194,https://www.vilacelta.com.br/?view=ecom/item&tcg=1&card=4076;Aliancas;;;;;;
CBC21_334;Alibou, Antiga Testemunha / Alibou, Ancient Witness;https://www.vilacelta.com.br/?view=ecom/itens&tcg=1&txt_edicao=479846,https://www.vilacelta.com.br/?view=ecom/item&tcg=1&card=59594;Commander 2021 (Variantes);;;;;;
TPIP_T06T11;Alien 0/0 // Clue (#11);https://www.vilacelta.com.br/?view=ecom/itens&tcg=1&txt_edicao=480352,https://www.vilacelta.com.br/?view=ecom/item&tcg=1&card=73197;Fallout (Tokens);;;;;;
TWHO_T34T51;Alien 2/2 (#34) // Alien Insect 1/1 (#51);https://www.vilacelta.com.br/?view=ecom/itens&tcg=1&txt_edicao=480279,https://www.vilacelta.com.br/?view=ecom/item&tcg=1&card=71558;Doctor Who (Tokens);;;;;;
TWHO_T34T48;Alien 2/2 (#34) // Alien Salamander 2/2 (#48);https://www.vilacelta.com.br/?view=ecom/itens&tcg=1&txt_edicao=480279,https://www.vilacelta.com.br/?view=ecom/item&tcg=1&card=71557;Doctor Who (Tokens);;;;;;
TWHO_T34T46;Alien 2/2 (#34) // Alien Warrior 2/2 (#46);https://www.vilacelta.com.br/?view=ecom/itens&tcg=1&txt_edicao=480279,https://www.vilacelta.com.br/?view=ecom/item&tcg=1&card=71555;Doctor Who (Tokens);;;;;;
TWHO_T34T53;Alien 2/2 (#34) // Clue (#53);https://www.vilacelta.com.br/?view=ecom/itens&tcg=1&txt_edicao=480279,https://www.vilacelta.com.br/?view=ecom/item&tcg=1&card=71560;Doctor Who (Tokens);;;;;;
TWHO_T34T54;Alien 2/2 (#34) // Clue (#54);https://www.vilacelta.com.br/?view=ecom/itens&tcg=1&txt_edicao=480279,https://www.vilacelta.com.br/?view=ecom/item&tcg=1&card=71561;Doctor Who (Tokens);;;;;;
TWHO_T34T56;Alien 2/2 (#34) // Cyberman 2/2 (#56);https://www.vilacelta.com.br/?view=ecom/itens&tcg=1&txt_edicao=480279,https://www.vilacelta.com.br/?view=ecom/item&tcg=1&card=71562;Doctor Who (Tokens);;;;;;
TWHO_T34T52;Alien 2/2 (#34) // Dinosaur 2/2 (#52);https://www.vilacelta.com.br/?view=ecom/itens&tcg=1&txt_edicao=480279,https://www.vilacelta.com.br/?view=ecom/item&tcg=1&card=71559;Doctor Who (Tokens);;;;;;
TWHO_T34T59;Alien 2/2 (#34) // Food (#59);https://www.vilacelta.com.br/?view=ecom/itens&tcg=1&txt_edicao=480279,https://www.vilacelta.com.br/?view=ecom/item&tcg=1&card=71563;Doctor Who (Tokens);;;;;;
TWHO_T34T47;Alien 2/2 (#34) // Mark of the Rani (#47);https://www.vilacelta.com.br/?view=ecom/itens&tcg=1&txt_edicao=480279,https://www.vilacelta.com.br/?view=ecom/item&tcg=1&card=71556;Doctor Who (Tokens);;;;;;
TWHO_T34T61;Alien 2/2 (#34) // Treasure (#61);https://www.vilacelta.com.br/?view=ecom/itens&tcg=1&txt_edicao=480279,https://www.vilacelta.com.br/?view=ecom/item&tcg=1&card=71564;Doctor Who (Tokens);;;;;;
TWHO_T02T16;Alien 2/2 // Alien Salamander 2/2;https://www.vilacelta.com.br/?view=ecom/itens&tcg=1&txt_edicao=480279,https://www.vilacelta.com.br/?view=ecom/item&tcg=1&card=71481;Doctor Who (Tokens);;;;;;
TWHO_T02T23;Alien 2/2 // Clue (#23);https://www.vilacelta.com.br/?view=ecom/itens&tcg=1&txt_edicao=480279,https://www.vilacelta.com.br/?view=ecom/item&tcg=1&card=71482;Doctor Who (Tokens);;;;;;
TWHO_T02T24;Alien 2/2 // Cyberman 2/2;https://www.vilacelta.com.br/?view=ecom/itens&tcg=1&txt_edicao=480279,https://www.vilacelta.com.br/?view=ecom/item&tcg=1&card=71483;Doctor Who (Tokens);;;;;;
TWHO_T02T20;Alien 2/2 // Dinosaur 2/2;https://www.vilacelta.com.br/?view=ecom/itens&tcg=1&txt_edicao=480279,https://www.vilacelta.com.br/?view=ecom/item&tcg=1&card=71152;Doctor Who (Tokens);;;;;;
TWHO_T02T25;Alien 2/2 // Food (#25);https://www.vilacelta.com.br/?view=ecom/itens&tcg=1&txt_edicao=480279,https://www.vilacelta.com.br/?view=ecom/item&tcg=1&card=71484;Doctor Who (Tokens);;;;;;
TWHO_T02T15;Alien 2/2 // Mark of the Rani (#15);https://www.vilacelta.com.br/?view=ecom/itens&tcg=1&txt_edicao=480279,https://www.vilacelta.com.br/?view=ecom/item&tcg=1&card=71480;Doctor Who (Tokens);;;;;;
TWHO_T02T32;Alien 2/2 // Osgood, Operation Double 2/2 (#32);https://www.vilacelta.com.br/?view=ecom/itens&tcg=1&txt_edicao=480279,https://www.vilacelta.com.br/?view=ecom/item&tcg=1&card=71486;Doctor Who (Tokens);;;;;;
TWHO_T02T31;Alien 2/2 // Treasure (#31);https://www.vilacelta.com.br/?view=ecom/itens&tcg=1&txt_edicao=480279,https://www.vilacelta.com.br/?view=ecom/item&tcg=1&card=71485;Doctor Who (Tokens);;;;;;
TWHO_T43T51;Alien Angel 2/2 (#43) // Alien Insect 1/1 (#51);https://www.vilacelta.com.br/?view=ecom/itens&tcg=1&txt_edicao=480279,https://www.vilacelta.com.br/?view=ecom/item&tcg=1&card=71612;Doctor Who (Tokens);;;;;;
TWHO_T43T48;Alien Angel 2/2 (#43) // Alien Salamander 2/2 (#48);https://www.vilacelta.com.br/?view=ecom/itens&tcg=1&txt_edicao=480279,https://www.vilacelta.com.br/?view=ecom/item&tcg=1&card=71610;Doctor Who (Tokens);;;;;;
TWHO_T43T53;Alien Angel 2/2 (#43) // Clue (#53);https://www.vilacelta.com.br/?view=ecom/itens&tcg=1&txt_edicao=480279,https://www.vilacelta.com.br/?view=ecom/item&tcg=1&card=71613;Doctor Who (Tokens);;;;;;
TWHO_T43T55;Alien Angel 2/2 (#43) // Clue (#55);https://www.vilacelta.com.br/?view=ecom/itens&tcg=1&txt_edicao=480279,https://www.vilacelta.com.br/?view=ecom/item&tcg=1&card=71614;Doctor Who (Tokens);;;;;;
TWHO_T43T57;Alien Angel 2/2 (#43) // Food (#57);https://www.vilacelta.com.br/?view=ecom/itens&tcg=1&txt_edicao=480279,https://www.vilacelta.com.br/?view=ecom/item&tcg=1&card=71615;Doctor Who (Tokens);;;;;;
TWHO_T43T58;Alien Angel 2/2 (#43) // Food (#58);https://www.vilacelta.com.br/?view=ecom/itens&tcg=1&txt_edicao=480279,https://www.vilacelta.com.br/?view=ecom/item&tcg=1&card=71616;Doctor Who (Tokens);;;;;;
TWHO_T43T59;Alien Angel 2/2 (#43) // Food (#59);https://www.vilacelta.com.br/?view=ecom/itens&tcg=1&txt_edicao=480279,https://www.vilacelta.com.br/?view=ecom/item&tcg=1&card=71617;Doctor Who (Tokens);;;;;;
TWHO_T43T50;Alien Angel 2/2 (#43) // Mutant 3/3 (#50);https://www.vilacelta.com.br/?view=ecom/itens&tcg=1&txt_edicao=480279,https://www.vilacelta.com.br/?view=ecom/item&tcg=1&card=71611;Doctor Who (Tokens);;;;;;
TWHO_T43T63;Alien Angel 2/2 (#43) // Treasure (#63);https://www.vilacelta.com.br/?view=ecom/itens&tcg=1&txt_edicao=480279,https://www.vilacelta.com.br/?view=ecom/item&tcg=1&card=71618;Doctor Who (Tokens);;;;;;
TWHO_T11T19;Alien Angel 2/2 // Alien Insect 1/1;https://www.vilacelta.com.br/?view=ecom/itens&tcg=1&txt_edicao=480279,https://www.vilacelta.com.br/?view=ecom/item&tcg=1&card=71531;Doctor Who (Tokens);;;;;;
TWHO_T11T14;Alien Angel 2/2 // Alien Warrior 2/2;https://www.vilacelta.com.br/?view=ecom/itens&tcg=1&txt_edicao=480279,https://www.vilacelta.com.br/?view=ecom/item&tcg=1&card=71529;Doctor Who (Tokens);;;;;;
TWHO_T11T21;Alien Angel 2/2 // Clue (#21);https://www.vilacelta.com.br/?view=ecom/itens&tcg=1&txt_edicao=480279,https://www.vilacelta.com.br/?view=ecom/item&tcg=1&card=71533;Doctor Who (Tokens);;;;;;
TWHO_T11T23;Alien Angel 2/2 // Clue (#23);https://www.vilacelta.com.br/?view=ecom/itens&tcg=1&txt_edicao=480279,https://www.vilacelta.com.br/?view=ecom/item&tcg=1&card=71534;Doctor Who (Tokens);;;;;;
TWHO_T11T24;Alien Angel 2/2 // Cyberman 2/2;https://www.vilacelta.com.br/?view=ecom/itens&tcg=1&txt_edicao=480279,https://www.vilacelta.com.br/?view=ecom/item&tcg=1&card=71165;Doctor Who (Tokens);;;;;;
TWHO_T11T12;Alien Angel 2/2 // Dalek 3/3;https://www.vilacelta.com.br/?view=ecom/itens&tcg=1&txt_edicao=480279,https://www.vilacelta.com.br/?view=ecom/item&tcg=1&card=71163;Doctor Who (Tokens);;;;;;
TWHO_T11T20;Alien Angel 2/2 // Dinosaur 2/2;https://www.vilacelta.com.br/?view=ecom/itens&tcg=1&txt_edicao=480279,https://www.vilacelta.com.br/?view=ecom/item&tcg=1&card=71532;Doctor Who (Tokens);;;;;;
TWHO_T11T25;Alien Angel 2/2 // Food (#25);https://www.vilacelta.com.br/?view=ecom/itens&tcg=1&txt_edicao=480279,https://www.vilacelta.com.br/?view=ecom/item&tcg=1&card=71535;Doctor Who (Tokens);;;;;;
TWHO_T11T26;Alien Angel 2/2 // Food (#26);https://www.vilacelta.com.br/?view=ecom/itens&tcg=1&txt_edicao=480279,https://www.vilacelta.com.br/?view=ecom/item&tcg=1&card=71536;Doctor Who (Tokens);;;;;;
TWHO_T11T27;Alien Angel 2/2 // Food (#27);https://www.vilacelta.com.br/?view=ecom/itens&tcg=1&txt_edicao=480279,https://www.vilacelta.com.br/?view=ecom/item&tcg=1&card=71537;Doctor Who (Tokens);;;;;;
TWHO_T11T15;Alien Angel 2/2 // Mark of the Rani (#15);https://www.vilacelta.com.br/?view=ecom/itens&tcg=1&txt_edicao=480279,https://www.vilacelta.com.br/?view=ecom/item&tcg=1&card=71164;Doctor Who (Tokens);;;;;;
TWHO_T11T18;Alien Angel 2/2 // Mutant 3/3;https://www.vilacelta.com.br/?view=ecom/itens&tcg=1&txt_edicao=480279,https://www.vilacelta.com.br/?view=ecom/item&tcg=1&card=71530;Doctor Who (Tokens);;;;;;
TWHO_T19;Alien Insect 1/1;https://www.vilacelta.com.br/?view=ecom/itens&tcg=1&txt_edicao=480279,https://www.vilacelta.com.br/?view=ecom/item&tcg=1&card=69791;Doctor Who (Tokens);;;;;;
TWHO_T35T49;Alien Rhino 4/4 (#35) // Beast 3/3 (#49);https://www.vilacelta.com.br/?view=ecom/itens&tcg=1&txt_edicao=480279,https://www.vilacelta.com.br/?view=ecom/item&tcg=1&card=71565;Doctor Who (Tokens);;;;;;
TWHO_T35T54;Alien Rhino 4/4 (#35) // Clue (#54);https://www.vilacelta.com.br/?view=ecom/itens&tcg=1&txt_edicao=480279,https://www.vilacelta.com.br/?view=ecom/item&tcg=1&card=71567;Doctor Who (Tokens);;;;;;
TWHO_T35T55;Alien Rhino 4/4 (#35) // Clue (#55);https://www.vilacelta.com.br/?view=ecom/itens&tcg=1&txt_edicao=480279,https://www.vilacelta.com.br/?view=ecom/item&tcg=1&card=71568;Doctor Who (Tokens);;;;;;
TWHO_T35T56;Alien Rhino 4/4 (#35) // Cyberman 2/2 (#56);https://www.vilacelta.com.br/?view=ecom/itens&tcg=1&txt_edicao=480279,https://www.vilacelta.com.br/?view=ecom/item&tcg=1&card=71569;Doctor Who (Tokens);;;;;;
TWHO_T35T58;Alien Rhino 4/4 (#35) // Food (#58);https://www.vilacelta.com.br/?view=ecom/itens&tcg=1&txt_edicao=480279,https://www.vilacelta.com.br/?view=ecom/item&tcg=1&card=71570;Doctor Who (Tokens);;;;;;
TWHO_T35T59;Alien Rhino 4/4 (#35) // Food (#59);https://www.vilacelta.com.br/?view=ecom/itens&tcg=1&txt_edicao=480279,https://www.vilacelta.com.br/?view=ecom/item&tcg=1&card=71571;Doctor Who (Tokens);;;;;;
TWHO_T35T50;Alien Rhino 4/4 (#35) // Mutant 3/3 (#50);https://www.vilacelta.com.br/?view=ecom/itens&tcg=1&txt_edicao=480279,https://www.vilacelta.com.br/?view=ecom/item&tcg=1&card=71566;Doctor Who (Tokens);;;;;;
TWHO_T35T60;Alien Rhino 4/4 (#35) // Treasure (#60);https://www.vilacelta.com.br/?view=ecom/itens&tcg=1&txt_edicao=480279,https://www.vilacelta.com.br/?view=ecom/item&tcg=1&card=71572;Doctor Who (Tokens);;;;;;
TWHO_T35T61;Alien Rhino 4/4 (#35) // Treasure (#61);https://www.vilacelta.com.br/?view=ecom/itens&tcg=1&txt_edicao=480279,https://www.vilacelta.com.br/?view=ecom/item&tcg=1&card=71573;Doctor Who (Tokens);;;;;;
TWHO_T03T16;Alien Rhino 4/4 // Alien Salamander 2/2;https://www.vilacelta.com.br/?view=ecom/itens&tcg=1&txt_edicao=480279,https://www.vilacelta.com.br/?view=ecom/item&tcg=1&card=71487;Doctor Who (Tokens);;;;;;
TWHO_T03T14;Alien Rhino 4/4 // Alien Warrior 2/2;https://www.vilacelta.com.br/?view=ecom/itens&tcg=1&txt_edicao=480279,https://www.vilacelta.com.br/?view=ecom/item&tcg=1&card=71153;Doctor Who (Tokens);;;;;;
TWHO_T03T21;Alien Rhino 4/4 // Clue (#21);https://www.vilacelta.com.br/?view=ecom/itens&tcg=1&txt_edicao=480279,https://www.vilacelta.com.br/?view=ecom/item&tcg=1&card=71489;Doctor Who (Tokens);;;;;;
TWHO_T03T22;Alien Rhino 4/4 // Clue (#22);https://www.vilacelta.com.br/?view=ecom/itens&tcg=1&txt_edicao=480279,https://www.vilacelta.com.br/?view=ecom/item&tcg=1&card=71490;Doctor Who (Tokens);;;;;;
TWHO_T03T24;Alien Rhino 4/4 // Cyberman 2/2;https://www.vilacelta.com.br/?view=ecom/itens&tcg=1&txt_edicao=480279,https://www.vilacelta.com.br/?view=ecom/item&tcg=1&card=71491;Doctor Who (Tokens);;;;;;
TWHO_T03T18;Alien Rhino 4/4 // Mutant 3/3;https://www.vilacelta.com.br/?view=ecom/itens&tcg=1&txt_edicao=480279,https://www.vilacelta.com.br/?view=ecom/item&tcg=1&card=71488;Doctor Who (Tokens);;;;;;
TWHO_T03T30;Alien Rhino 4/4 // Treasure (#30);https://www.vilacelta.com.br/?view=ecom/itens&tcg=1&txt_edicao=480279,https://www.vilacelta.com.br/?view=ecom/item&tcg=1&card=71492;Doctor Who (Tokens);;;;;;
TWHO_T16T19;Alien Salamander 2/2 // Alien Insect 1/1;https://www.vilacelta.com.br/?view=ecom/itens&tcg=1&txt_edicao=480279,https://www.vilacelta.com.br/?view=ecom/item&tcg=1&card=71175;Doctor Who (Tokens);;;;;;
TWHO_T16T18;Alien Salamander 2/2 // Mutant 3/3;https://www.vilacelta.com.br/?view=ecom/itens&tcg=1&txt_edicao=480279,https://www.vilacelta.com.br/?view=ecom/item&tcg=1&card=71174;Doctor Who (Tokens);;;;;;
TWHO_T14T27;Alien Warrior 2/2 // Food (#27);https://www.vilacelta.com.br/?view=ecom/itens&tcg=1&txt_edicao=480279,https://www.vilacelta.com.br/?view=ecom/item&tcg=1&card=71171;Doctor Who (Tokens);;;;;;
TWHO_T14T30;Alien Warrior 2/2 // Treasure (#30);https://www.vilacelta.com.br/?view=ecom/itens&tcg=1&txt_edicao=480279,https://www.vilacelta.com.br/?view=ecom/item&tcg=1&card=71172;Doctor Who (Tokens);;;;;;
EX_122;Aligátor de Rootwater / Rootwater Alligator;https://www.vilacelta.com.br/?view=ecom/itens&tcg=1&txt_edicao=217,https://www.vilacelta.com.br/?view=ecom/item&tcg=1&card=9990;Exodo;;;;;;
PTC_261;Alimentador das Profundezas / Fathom Feeder;https://www.vilacelta.com.br/?view=ecom/itens&tcg=1&txt_edicao=286,https://www.vilacelta.com.br/?view=ecom/item&tcg=1&card=32520;Prerelease Events;;;;;;
TSTS_84;Alimentador de Espículos / Spike Feeder;https://www.vilacelta.com.br/?view=ecom/itens&tcg=1&txt_edicao=192,https://www.vilacelta.com.br/?view=ecom/item&tcg=1&card=3730;Time Spiral Timeshifted;;;;;;
SH_110;Alimentador de Espículos / Spike Feeder;https://www.vilacelta.com.br/?view=ecom/itens&tcg=1&txt_edicao=218,https://www.vilacelta.com.br/?view=ecom/item&tcg=1&card=3730;Fortaleza;;;;;;
BR_78;Alimentador de Espículos / Spike Feeder;https://www.vilacelta.com.br/?view=ecom/itens&tcg=1&txt_edicao=268,https://www.vilacelta.com.br/?view=ecom/item&tcg=1&card=3730;Battle Royale Box Set;;;;;;
FNMP_28;Alimentador de Espículos / Spike Feeder;https://www.vilacelta.com.br/?view=ecom/itens&tcg=1&txt_edicao=297,https://www.vilacelta.com.br/?view=ecom/item&tcg=1&card=3730;Friday Night Magic;;;;;;
WCD_19980106;Alimentador de Espículos / Spike Feeder;https://www.vilacelta.com.br/?view=ecom/itens&tcg=1&txt_edicao=440839,https://www.vilacelta.com.br/?view=ecom/item&tcg=1&card=3730;World Championship Decks;;;;;;
MB1_2046;Alimentador de Espículos / Spike Feeder;https://www.vilacelta.com.br/?view=ecom/itens&tcg=1&txt_edicao=479791,https://www.vilacelta.com.br/?view=ecom/item&tcg=1&card=3730;Mystery Booster;;;12,90;PT/EN   [Português / Inglês];NM   [Praticamente Nova];Foil
WCD_20040437;Alimentador de Espículos (BS-98) / Spike Feeder (BS-98);https://www.vilacelta.com.br/?view=ecom/itens&tcg=1&txt_edicao=440839,https://www.vilacelta.com.br/?view=ecom/item&tcg=1&card=54894;World Championship Decks;;;;;;
MB1_1207;Alimentar o Clã / Feed the Clan;https://www.vilacelta.com.br/?view=ecom/itens&tcg=1&txt_edicao=479791,https://www.vilacelta.com.br/?view=ecom/item&tcg=1&card=30218;Mystery Booster;;;;;;
SFWHO_812;Alimentar o Enxame / Feed the Swarm;https://www.vilacelta.com.br/?view=ecom/itens&tcg=1&txt_edicao=480333,https://www.vilacelta.com.br/?view=ecom/item&tcg=1&card=57284;Doctor Who (Surge Foil);;;;;;
EAWHO_401;Alistair, the Brigadier;https://www.vilacelta.com.br/?view=ecom/itens&tcg=1&txt_edicao=480330,https://www.vilacelta.com.br/?view=ecom/item&tcg=1&card=71114;Doctor Who (Extended Art);;;;;;
ESWHO_992;Alistair, the Brigadier;https://www.vilacelta.com.br/?view=ecom/itens&tcg=1&txt_edicao=480331,https://www.vilacelta.com.br/?view=ecom/item&tcg=1&card=71114;Doctor Who (Extended Art Surge Foil);;;;;;
SFWHO_717;Alistair, the Brigadier;https://www.vilacelta.com.br/?view=ecom/itens&tcg=1&txt_edicao=480333,https://www.vilacelta.com.br/?view=ecom/item&tcg=1&card=71114;Doctor Who (Surge Foil);;;;;;
SSLTR_477;Aliviamento / Reprieve;https://www.vilacelta.com.br/?view=ecom/itens&tcg=1&txt_edicao=480316,https://www.vilacelta.com.br/?view=ecom/item&tcg=1&card=68165;O Senhor dos Aneis: Contos da Terra Media (Showcase Scrolls);;;;;;
LG_12;All Hallow's Eve;https://www.vilacelta.com.br/?view=ecom/itens&tcg=1&txt_edicao=226,https://www.vilacelta.com.br/?view=ecom/item&tcg=1&card=11636;Legends;;;2.519,95;IT      [Italiano];NM   [Praticamente Nova];
ARC_152;All in Good Time;https://www.vilacelta.com.br/?view=ecom/itens&tcg=1&txt_edicao=252,https://www.vilacelta.com.br/?view=ecom/item&tcg=1&card=40206;Archenemy;;;;;;
EAWHO_352;All of History, All at Once;https://www.vilacelta.com.br/?view=ecom/itens&tcg=1&txt_edicao=480330,https://www.vilacelta.com.br/?view=ecom/item&tcg=1&card=70901;Doctor Who (Extended Art);;;;;;
ESWHO_943;All of History, All at Once;https://www.vilacelta.com.br/?view=ecom/itens&tcg=1&txt_edicao=480331,https://www.vilacelta.com.br/?view=ecom/item&tcg=1&card=70901;Doctor Who (Extended Art Surge Foil);;;;;;
SFWHO_639;All of History, All at Once;https://www.vilacelta.com.br/?view=ecom/itens&tcg=1&txt_edicao=480333,https://www.vilacelta.com.br/?view=ecom/item&tcg=1&card=70901;Doctor Who (Surge Foil);;;;;;
ARC_153;All Shall Smolder in My Wake;https://www.vilacelta.com.br/?view=ecom/itens&tcg=1&txt_edicao=252,https://www.vilacelta.com.br/?view=ecom/item&tcg=1&card=40207;Archenemy;;;;;;
PLIST_1233;Alliance of Arms;https://www.vilacelta.com.br/?view=ecom/itens&tcg=1&txt_edicao=479828,https://www.vilacelta.com.br/?view=ecom/item&tcg=1&card=18176;The List;;;;;;
TWWK_RT04;Allies & “Quests” (#04);https://www.vilacelta.com.br/?view=ecom/itens&tcg=1&txt_edicao=480274,https://www.vilacelta.com.br/?view=ecom/item&tcg=1&card=69723;Despertar do Mundo (Tokens);;;;;;
TZEN_RT04;Allies & Intimidate (#04);https://www.vilacelta.com.br/?view=ecom/itens&tcg=1&txt_edicao=480275,https://www.vilacelta.com.br/?view=ecom/item&tcg=1&card=69732;Zendikar (Tokens);;;;;;
ST_124;Alluring Scent;https://www.vilacelta.com.br/?view=ecom/itens&tcg=1&txt_edicao=275,https://www.vilacelta.com.br/?view=ecom/item&tcg=1&card=17229;Starter 1999;;;;;;
PO2_61;Alluring Scent;https://www.vilacelta.com.br/?view=ecom/itens&tcg=1&txt_edicao=277,https://www.vilacelta.com.br/?view=ecom/item&tcg=1&card=17229;Portal Segunda Era;;;;;;
PO_2;Alluring Scent;https://www.vilacelta.com.br/?view=ecom/itens&tcg=1&txt_edicao=278,https://www.vilacelta.com.br/?view=ecom/item&tcg=1&card=17229;Portal;;;;;;
GRC_76;Alma Atormentada / Tormented Soul;https://www.vilacelta.com.br/?view=ecom/itens&tcg=1&txt_edicao=291,https://www.vilacelta.com.br/?view=ecom/item&tcg=1&card=12250;WPN/Gateway;;;;;;
CMA2_148;Alma da Colheita / Soul of the Harvest;https://www.vilacelta.com.br/?view=ecom/itens&tcg=1&txt_edicao=179141,https://www.vilacelta.com.br/?view=ecom/item&tcg=1&card=25207;Commander Anthology;;;6,42;PT/EN   [Português / Inglês];NM   [Praticamente Nova];
GASNC_334;;https://www.vilacelta.com.br/?view=ecom/admin/stats/bestsellers&tcg=1&search_extras=0&page=7&position=628&search_period=1&search_date=11/03/2024#628,https://www.vilacelta.com.br/?view=ecom/itens&tcg=1&txt_edicao=479909,https://www.vilacelta.com.br/?view=ecom/item&tcg=1&card=63599;Ruas de Nova Capenna (Golden Age);;2;2,52;PT/EN   [Português / Inglês];NM   [Praticamente Nova];
FESNC_399;Alma da Emancipação / Soul of Emancipation;https://www.vilacelta.com.br/?view=ecom/itens&tcg=1&txt_edicao=479910,https://www.vilacelta.com.br/?view=ecom/item&tcg=1&card=63599;Ruas de Nova Capenna (Foil Etched / Gilded Foil);;;;;;
CBCMR_626;Alma da Eternidade / Soul of Eternity;https://www.vilacelta.com.br/?view=ecom/itens&tcg=1&txt_edicao=479824,https://www.vilacelta.com.br/?view=ecom/item&tcg=1&card=57975;Commander Legends (Variantes);;;;;;
VNCC_148;Alma da Festa / Life of the Party;https://www.vilacelta.com.br/?view=ecom/itens&tcg=1&txt_edicao=479904,https://www.vilacelta.com.br/?view=ecom/item&tcg=1&card=63750;Nova Capenna Commander (Variantes);;;;;;
MH2_33;;https://www.vilacelta.com.br/?view=ecom/admin/stats/bestsellers&tcg=1&search_extras=0&page=3&position=265&search_period=1&search_date=11/03/2024#265,https://www.vilacelta.com.br/?view=ecom/itens&tcg=1&txt_edicao=479849,https://www.vilacelta.com.br/?view=ecom/item&tcg=1&card=60220;Modern Horizons 2;;78;1,45;PT/EN   [Português / Inglês];NM   [Praticamente Nova];
MAJ21_138;Alma da Migração / Soul of Migration;https://www.vilacelta.com.br/?view=ecom/itens&tcg=1&txt_edicao=479868,https://www.vilacelta.com.br/?view=ecom/item&tcg=1&card=60220;Jumpstart: Historic Horizons;;;;;;
HACHETTE_139;Alma de Magma / Soul of Magma;https://www.vilacelta.com.br/?view=ecom/itens&tcg=1&txt_edicao=340,https://www.vilacelta.com.br/?view=ecom/item&tcg=1&card=5780;Hachette Encyclopedia Inserts;;;;;;
SALVAT_139;Alma de Magma / Soul of Magma;https://www.vilacelta.com.br/?view=ecom/itens&tcg=1&txt_edicao=352,https://www.vilacelta.com.br/?view=ecom/item&tcg=1&card=5780;Hachette Encyclopedia Inserts;;;;;;
PLIST_1070;Alma de Nova Phyrexia / Soul of New Phyrexia;https://www.vilacelta.com.br/?view=ecom/itens&tcg=1&txt_edicao=479828,https://www.vilacelta.com.br/?view=ecom/item&tcg=1&card=29409;The List;;1;5,95;PT/EN   [Português / Inglês];NM   [Praticamente Nova];
MBP_87;Alma de Ravnica / Soul of Ravnica;https://www.vilacelta.com.br/?view=ecom/itens&tcg=1&txt_edicao=308,https://www.vilacelta.com.br/?view=ecom/item&tcg=1&card=28807;Media Inserts (EN);;;;;;
PLIST_1145;Alma de Shandalar / Soul of Shandalar;https://www.vilacelta.com.br/?view=ecom/itens&tcg=1&txt_edicao=479828,https://www.vilacelta.com.br/?view=ecom/item&tcg=1&card=29412;The List;;;;;;
TFDMU_360;Alma de Windgrace / Soul of Windgrace;https://www.vilacelta.com.br/?view=ecom/itens&tcg=1&txt_edicao=480031,https://www.vilacelta.com.br/?view=ecom/item&tcg=1&card=65121;Dominaria Unida (Textured Foil);;;;;;
SGDMU_319;Alma de Windgrace / Soul of Windgrace;https://www.vilacelta.com.br/?view=ecom/itens&tcg=1&txt_edicao=480032,https://www.vilacelta.com.br/?view=ecom/item&tcg=1&card=65121;Dominaria Unida (Stained Glass);;1;14,90;PT/EN   [Português / Inglês];NM   [Praticamente Nova];
SGDMU_319;Alma de Windgrace / Soul of Windgrace;https://www.vilacelta.com.br/?view=ecom/itens&tcg=1&txt_edicao=480032,https://www.vilacelta.com.br/?view=ecom/item&tcg=1&card=65121;Dominaria Unida (Stained Glass);;1;29,00;PT/EN   [Português / Inglês];NM   [Praticamente Nova];Foil
MBP_88;Alma de Zendikar / Soul of Zendikar;https://www.vilacelta.com.br/?view=ecom/itens&tcg=1&txt_edicao=308,https://www.vilacelta.com.br/?view=ecom/item&tcg=1&card=28830;Media Inserts (EN);;;;;;
PLIST_193;Alma de Zendikar / Soul of Zendikar;https://www.vilacelta.com.br/?view=ecom/itens&tcg=1&txt_edicao=479828,https://www.vilacelta.com.br/?view=ecom/item&tcg=1&card=28830;The List;;;;;;
LG_169;Alma Desgarrada / Lost Soul;https://www.vilacelta.com.br/?view=ecom/itens&tcg=1&txt_edicao=226,https://www.vilacelta.com.br/?view=ecom/item&tcg=1&card=11659;Legends;;;;;;
6E_142;Alma Desgarrada / Lost Soul;https://www.vilacelta.com.br/?view=ecom/itens&tcg=1&txt_edicao=235,https://www.vilacelta.com.br/?view=ecom/item&tcg=1&card=11659;Sexta Edicao Classica;;;;;;
4E_195;Alma Desgarrada / Lost Soul;https://www.vilacelta.com.br/?view=ecom/itens&tcg=1&txt_edicao=236,https://www.vilacelta.com.br/?view=ecom/item&tcg=1&card=11659;Quarta Edicao;;;;;;
ITP_30;Alma Desgarrada / Lost Soul;https://www.vilacelta.com.br/?view=ecom/itens&tcg=1&txt_edicao=279,https://www.vilacelta.com.br/?view=ecom/item&tcg=1&card=11659;Introductory Two-Player Set;;;;;;
5E_246;Alma Desgarrada / Lost Soul;https://www.vilacelta.com.br/?view=ecom/itens&tcg=1&txt_edicao=312,https://www.vilacelta.com.br/?view=ecom/item&tcg=1&card=11659;Quinta Edicao;;;;;;
4EB_195;Alma Desgarrada / Lost Soul;https://www.vilacelta.com.br/?view=ecom/itens&tcg=1&txt_edicao=338,https://www.vilacelta.com.br/?view=ecom/item&tcg=1&card=11659;Quarta Edicao (BB);;;;;;
RE_65;Alma Desgarrada / Lost Soul;https://www.vilacelta.com.br/?view=ecom/itens&tcg=1&txt_edicao=349,https://www.vilacelta.com.br/?view=ecom/item&tcg=1&card=11659;Renaissance;;;;;;
EX_51;Alma Inconstante / Wayward Soul;https://www.vilacelta.com.br/?view=ecom/itens&tcg=1&txt_edicao=217,https://www.vilacelta.com.br/?view=ecom/item&tcg=1&card=9919;Exodo;;;;;;
BD_18;Alma Inconstante / Wayward Soul;https://www.vilacelta.com.br/?view=ecom/itens&tcg=1&txt_edicao=267,https://www.vilacelta.com.br/?view=ecom/item&tcg=1&card=9919;Beatdown Box Set;;;;;;
GP_131;Almas dos Inocentes / Souls of the Faultless;https://www.vilacelta.com.br/?view=ecom/itens&tcg=1&txt_edicao=196,https://www.vilacelta.com.br/?view=ecom/item&tcg=1&card=4873;Pacto das Guildas;;;;;;
EALCI_369;Almas dos Perdidos / Souls of the Lost;https://www.vilacelta.com.br/?view=ecom/itens&tcg=1&txt_edicao=480358,https://www.vilacelta.com.br/?view=ecom/item&tcg=1&card=71316;As Cavernas Perdidas de Ixalan (Extended Art);;;;;;
FNMP_148;Almas Penadas / Lingering Souls;https://www.vilacelta.com.br/?view=ecom/itens&tcg=1&txt_edicao=297,https://www.vilacelta.com.br/?view=ecom/item&tcg=1&card=24150;Friday Night Magic;;;;;;
MB1_162;Almas Penadas / Lingering Souls;https://www.vilacelta.com.br/?view=ecom/itens&tcg=1&txt_edicao=479791,https://www.vilacelta.com.br/?view=ecom/item&tcg=1&card=24150;Mystery Booster;;3;1,72;PT/EN   [Português / Inglês];NM   [Praticamente Nova];
PLIST_731;Almirante Beckett Bronze / Admiral Beckett Brass;https://www.vilacelta.com.br/?view=ecom/itens&tcg=1&txt_edicao=479828,https://www.vilacelta.com.br/?view=ecom/item&tcg=1&card=43210;The List;;;11,90;PT/EN   [Português / Inglês];NM   [Praticamente Nova];
SLD199_1410;Almirante Beckett Bronze / Admiral Beckett Brass;https://www.vilacelta.com.br/?view=ecom/itens&tcg=1&txt_edicao=480374,https://www.vilacelta.com.br/?view=ecom/item&tcg=1&card=43210;Secret Lair Drop Series: Showcase: The Lost Caverns of Ixalan;;;;;;
VLCC_25;Almirante Bronze, Inafundável / Admiral Brass, Unsinkable;https://www.vilacelta.com.br/?view=ecom/itens&tcg=1&txt_edicao=480365,https://www.vilacelta.com.br/?view=ecom/item&tcg=1&card=71340;As Cavernas Perdidas de Ixalan Commander (Variants);;;;;;
SLCC_17;Almirante Bronze, Inafundável / Admiral Brass, Unsinkable;https://www.vilacelta.com.br/?view=ecom/itens&tcg=1&txt_edicao=480367,https://www.vilacelta.com.br/?view=ecom/item&tcg=1&card=71340;As Cavernas Perdidas de Ixalan Commander (Showcase);;;;;;
ASLCI_69;Almirante Bronze, Inafundavel (Art Card com Assinatura) / Admiral Brass, Unsinkable (Art Card with Signature);https://www.vilacelta.com.br/?view=ecom/itens&tcg=1&txt_edicao=480363,https://www.vilacelta.com.br/?view=ecom/item&tcg=1&card=71952;As Cavernas Perdidas de Ixalan (Art Series);;;;;;
ASLCI_69;Almirante Bronze, Inafundável (Art Card) / Admiral Brass, Unsinkable (Art Card);https://www.vilacelta.com.br/?view=ecom/itens&tcg=1&txt_edicao=480363,https://www.vilacelta.com.br/?view=ecom/item&tcg=1&card=72033;As Cavernas Perdidas de Ixalan (Art Series);;;;;;
VLCC_121;Almirante Bronze, Inafundável (Display Commander) / Admiral Brass, Unsinkable (Display Commander);https://www.vilacelta.com.br/?view=ecom/itens&tcg=1&txt_edicao=480365,https://www.vilacelta.com.br/?view=ecom/item&tcg=1&card=71344;As Cavernas Perdidas de Ixalan Commander (Variants);;;;;;
EAPIP_406;Almost Perfect;https://www.vilacelta.com.br/?view=ecom/itens&tcg=1&txt_edicao=480353,https://www.vilacelta.com.br/?view=ecom/item&tcg=1&card=73004;Fallout (Extended Art);;;;;;
SFPIP_618;Almost Perfect;https://www.vilacelta.com.br/?view=ecom/itens&tcg=1&txt_edicao=480437,https://www.vilacelta.com.br/?view=ecom/item&tcg=1&card=73004;Fallout (Surge Foil);;;;;;
ESPIP_934;Almost Perfect;https://www.vilacelta.com.br/?view=ecom/itens&tcg=1&txt_edicao=480439,https://www.vilacelta.com.br/?view=ecom/item&tcg=1&card=73004;Fallout (Extended Art Surge Foil);;;;;;
YCLB_8;Alora, Cheerful Assassin;https://www.vilacelta.com.br/?view=ecom/itens&tcg=1&txt_edicao=479990,https://www.vilacelta.com.br/?view=ecom/item&tcg=1&card=64664;Alchemy Horizons: Portal de Baldur;;;;;;
YCLB_9;Alora, Cheerful Mastermind;https://www.vilacelta.com.br/?view=ecom/itens&tcg=1&txt_edicao=479990,https://www.vilacelta.com.br/?view=ecom/item&tcg=1&card=64665;Alchemy Horizons: Portal de Baldur;;;;;;
YCLB_10;Alora, Cheerful Scout;https://www.vilacelta.com.br/?view=ecom/itens&tcg=1&txt_edicao=479990,https://www.vilacelta.com.br/?view=ecom/item&tcg=1&card=64666;Alchemy Horizons: Portal de Baldur;;;;;;
YCLB_11;Alora, Cheerful Swashbuckler;https://www.vilacelta.com.br/?view=ecom/itens&tcg=1&txt_edicao=479990,https://www.vilacelta.com.br/?view=ecom/item&tcg=1&card=64667;Alchemy Horizons: Portal de Baldur;;;;;;
YCLB_12;Alora, Cheerful Thief;https://www.vilacelta.com.br/?view=ecom/itens&tcg=1&txt_edicao=479990,https://www.vilacelta.com.br/?view=ecom/item&tcg=1&card=64668;Alchemy Horizons: Portal de Baldur;;;;;;
CLB_55;;https://www.vilacelta.com.br/?view=ecom/admin/stats/bestsellers&tcg=1&search_extras=2&page=9&position=879&search_period=1&search_date=11/03/2024#879,https://www.vilacelta.com.br/?view=ecom/itens&tcg=1&txt_edicao=479911,https://www.vilacelta.com.br/?view=ecom/item&tcg=1&card=64035;Commander Legends: Batalha por Portal de Baldur;;1;1,87;PT/EN   [Português / Inglês];NM   [Praticamente Nova];Foil
FECLB_481;;https://www.vilacelta.com.br/?view=ecom/admin/stats/bestsellers&tcg=1&search_extras=31&page=1&position=59&search_period=1&search_date=11/03/2024#59,https://www.vilacelta.com.br/?view=ecom/itens&tcg=1&txt_edicao=479915,https://www.vilacelta.com.br/?view=ecom/item&tcg=1&card=64035;Commander Legends: Batalha por Portal de Baldur (Foil Etched);;2;2,94;PT/EN   [Português / Inglês];NM   [Praticamente Nova];Foil Especial / Foil Etched
RBCLB_381;Alora, Ladra Alegre / Alora, Merry Thief;https://www.vilacelta.com.br/?view=ecom/itens&tcg=1&txt_edicao=479917,https://www.vilacelta.com.br/?view=ecom/item&tcg=1&card=64035;Commander Legends: Batalha por Portal de Baldur (Rulebook);;4;1,12;PT/EN   [Português / Inglês];NM   [Praticamente Nova];
YCLB_13;Alora, Rogue Companion;https://www.vilacelta.com.br/?view=ecom/itens&tcg=1&txt_edicao=479990,https://www.vilacelta.com.br/?view=ecom/item&tcg=1&card=64669;Alchemy Horizons: Portal de Baldur;;;;;;
IA_264;Alossauro Pigmeu / Pygmy Allosaurus;https://www.vilacelta.com.br/?view=ecom/itens&tcg=1&txt_edicao=313,https://www.vilacelta.com.br/?view=ecom/item&tcg=1&card=4314;Era Glacial;;;;;;
PIP_91;;https://www.vilacelta.com.br/?view=ecom/admin/stats/bestsellers&tcg=1&search_extras=0&page=9&position=886&search_period=1&search_date=11/03/2024#886,https://www.vilacelta.com.br/?view=ecom/itens&tcg=1&txt_edicao=480351,https://www.vilacelta.com.br/?view=ecom/item&tcg=1&card=71267;Fallout;;;;;;
PBPIP_336;Alpha Deathclaw;https://www.vilacelta.com.br/?view=ecom/itens&tcg=1&txt_edicao=480355,https://www.vilacelta.com.br/?view=ecom/item&tcg=1&card=71267;Fallout (Showcase Pip Boy);;;;;;
SFPIP_619;Alpha Deathclaw;https://www.vilacelta.com.br/?view=ecom/itens&tcg=1&txt_edicao=480437,https://www.vilacelta.com.br/?view=ecom/item&tcg=1&card=71267;Fallout (Surge Foil);;;;;;
PSPIP_864;Alpha Deathclaw;https://www.vilacelta.com.br/?view=ecom/itens&tcg=1&txt_edicao=480440,https://www.vilacelta.com.br/?view=ecom/item&tcg=1&card=71267;Fallout (Showcase Pip Boy Surge Foil);;;;;;
GFUNF_415;Alpha Guard;https://www.vilacelta.com.br/?view=ecom/itens&tcg=1&txt_edicao=480093,https://www.vilacelta.com.br/?view=ecom/item&tcg=1&card=66453;Unfinity (Galaxy Foil);;;;;;
MB1_155;Alpinista Celeste Kor / Kor Sky Climber;https://www.vilacelta.com.br/?view=ecom/itens&tcg=1&txt_edicao=479791,https://www.vilacelta.com.br/?view=ecom/item&tcg=1&card=35041;Mystery Booster;;4;0,47;PT/EN   [Português / Inglês];NM   [Praticamente Nova];
VVOC_61;Alquimia Arterial / Arterial Alchemy;https://www.vilacelta.com.br/?view=ecom/itens&tcg=1&txt_edicao=479880,https://www.vilacelta.com.br/?view=ecom/item&tcg=1&card=62111;Innistrad: Voto Carmesim (Commander Variantes);;;;;;
FNMP_146;Alquimia Proibida / Forbidden Alchemy;https://www.vilacelta.com.br/?view=ecom/itens&tcg=1&txt_edicao=297,https://www.vilacelta.com.br/?view=ecom/item&tcg=1&card=59;Friday Night Magic;;;3,95;PT/EN   [Português / Inglês];NM   [Praticamente Nova];Foil
MB1_385;Alquimia Proibida / Forbidden Alchemy;https://www.vilacelta.com.br/?view=ecom/itens&tcg=1&txt_edicao=479791,https://www.vilacelta.com.br/?view=ecom/item&tcg=1&card=59;Mystery Booster;;;;;;
MM_8;Alquimista Cho-Arrim / Cho-Arrim Alchemist;https://www.vilacelta.com.br/?view=ecom/itens&tcg=1&txt_edicao=213,https://www.vilacelta.com.br/?view=ecom/item&tcg=1&card=8890;Mascaras de Mercadia;;;;;;
ON_64;Alquimista de Aphetto / Aphetto Alchemist;https://www.vilacelta.com.br/?view=ecom/itens&tcg=1&txt_edicao=205,https://www.vilacelta.com.br/?view=ecom/item&tcg=1&card=6896;Investida;;;129,90;PT/EN   [Português / Inglês];SP   [Usada Levemente];Foil
CFX_54;Alquimista de Sedraxis / Sedraxis Alchemist;https://www.vilacelta.com.br/?view=ecom/itens&tcg=1&txt_edicao=183,https://www.vilacelta.com.br/?view=ecom/item&tcg=1&card=1725;Confluencia;;;;;;
MT_2;Alquimista do Rumo da Batalha / Battletide Alchemist;https://www.vilacelta.com.br/?view=ecom/itens&tcg=1&txt_edicao=187,https://www.vilacelta.com.br/?view=ecom/item&tcg=1&card=2548;Alvorecer;;;;;;